Race,Driver,Compound,Stint_ID,Laps,cliff_lap,avg_loss_per_lap,peak_loss_per_lap
Abu Dhabi Grand Prix,ALB,SOFT,2025_Abu Dhabi Grand Prix_ALB_1.0,6,6.0,0.011516115453433987,0.03945593397088143
Abu Dhabi Grand Prix,ALB,HARD,2025_Abu Dhabi Grand Prix_ALB_2.0,23,11.0,0.0549452194838909,0.1983600561110198
Abu Dhabi Grand Prix,ALB,MEDIUM,2025_Abu Dhabi Grand Prix_ALB_3.0,24,6.0,0.05830023483925532,0.13299536985711702
Abu Dhabi Grand Prix,ALO,MEDIUM,2025_Abu Dhabi Grand Prix_ALO_1.0,14,10.0,0.047460135400863836,0.15138375044809965
Abu Dhabi Grand Prix,ALO,HARD,2025_Abu Dhabi Grand Prix_ALO_2.0,41,6.0,0.03353736757032904,0.13302335112308217
Abu Dhabi Grand Prix,ANT,HARD,2025_Abu Dhabi Grand Prix_ANT_1.0,30,10.0,0.042654733447592054,0.1958266242798836
Abu Dhabi Grand Prix,ANT,MEDIUM,2025_Abu Dhabi Grand Prix_ANT_2.0,25,6.0,0.0640000095101902,0.11509720275009916
Abu Dhabi Grand Prix,BEA,MEDIUM,2025_Abu Dhabi Grand Prix_BEA_1.0,12,10.0,0.07763157163246288,0.22829632991444515
Abu Dhabi Grand Prix,BEA,HARD,2025_Abu Dhabi Grand Prix_BEA_2.0,42,42.0,0.04513380396927868,0.2303418291261754
Abu Dhabi Grand Prix,BOR,MEDIUM,2025_Abu Dhabi Grand Prix_BOR_1.0,13,10.0,0.05588999256120703,0.17620213401733964
Abu Dhabi Grand Prix,BOR,HARD,2025_Abu Dhabi Grand Prix_BOR_2.0,42,9.0,0.0405849829742562,0.13023352806361377
Abu Dhabi Grand Prix,COL,MEDIUM,2025_Abu Dhabi Grand Prix_COL_1.0,13,10.0,0.057088053861374694,0.19313826253605548
Abu Dhabi Grand Prix,COL,HARD,2025_Abu Dhabi Grand Prix_COL_2.0,22,12.0,0.05786775817159069,0.11935024622417717
Abu Dhabi Grand Prix,COL,MEDIUM,2025_Abu Dhabi Grand Prix_COL_3.0,15,11.0,0.07470168643984329,0.16322929927491037
Abu Dhabi Grand Prix,GAS,MEDIUM,2025_Abu Dhabi Grand Prix_GAS_1.0,11,10.0,0.06883820211470305,0.23736466585051208
Abu Dhabi Grand Prix,GAS,HARD,2025_Abu Dhabi Grand Prix_GAS_2.0,25,5.0,0.05042506190474359,0.10873738892768575
Abu Dhabi Grand Prix,GAS,MEDIUM,2025_Abu Dhabi Grand Prix_GAS_3.0,16,12.0,0.07021375678864297,0.12636547571202594
Abu Dhabi Grand Prix,HAD,MEDIUM,2025_Abu Dhabi Grand Prix_HAD_1.0,12,10.0,0.06462645249288478,0.19331705858912596
Abu Dhabi Grand Prix,HAD,HARD,2025_Abu Dhabi Grand Prix_HAD_2.0,42,42.0,0.04576967483392458,0.2223223191883006
Abu Dhabi Grand Prix,HAM,SOFT,2025_Abu Dhabi Grand Prix_HAM_1.0,6,6.0,0.011786144348941258,0.039818111952045016
Abu Dhabi Grand Prix,HAM,HARD,2025_Abu Dhabi Grand Prix_HAM_2.0,21,11.0,0.060535919991524426,0.23203190998611745
Abu Dhabi Grand Prix,HAM,MEDIUM,2025_Abu Dhabi Grand Prix_HAM_3.0,26,7.0,0.056903185523721415,0.10355042951972471
Abu Dhabi Grand Prix,HUL,HARD,2025_Abu Dhabi Grand Prix_HUL_2.0,33,11.0,0.05499358045448688,0.2137545712825929
Abu Dhabi Grand Prix,HUL,MEDIUM,2025_Abu Dhabi Grand Prix_HUL_3.0,15,6.0,0.0812456325054943,0.15946262416109847
Abu Dhabi Grand Prix,LAW,MEDIUM,2025_Abu Dhabi Grand Prix_LAW_1.0,19,10.0,0.05937727256924513,0.1765108825735035
Abu Dhabi Grand Prix,LAW,HARD,2025_Abu Dhabi Grand Prix_LAW_2.0,34,12.0,0.040903430402938076,0.12040455094031799
Abu Dhabi Grand Prix,LEC,MEDIUM,2025_Abu Dhabi Grand Prix_LEC_1.0,14,10.0,0.05076471546937857,0.15930971225328702
Abu Dhabi Grand Prix,LEC,HARD,2025_Abu Dhabi Grand Prix_LEC_2.0,21,6.0,0.03012511327677502,0.08778733927711979
Abu Dhabi Grand Prix,LEC,MEDIUM,2025_Abu Dhabi Grand Prix_LEC_3.0,18,16.0,0.06525851162505707,0.15916109914999532
Abu Dhabi Grand Prix,NOR,MEDIUM,2025_Abu Dhabi Grand Prix_NOR_1.0,14,10.0,0.04343137527521417,0.13038306510503417
Abu Dhabi Grand Prix,NOR,HARD,2025_Abu Dhabi Grand Prix_NOR_2.0,22,11.0,0.03157501734587783,0.08002136952798244
Abu Dhabi Grand Prix,NOR,HARD,2025_Abu Dhabi Grand Prix_NOR_3.0,17,12.0,0.0772087340941751,0.16172618886970147
Abu Dhabi Grand Prix,OCO,MEDIUM,2025_Abu Dhabi Grand Prix_OCO_1.0,17,10.0,0.06459029195780182,0.19905070490445664
Abu Dhabi Grand Prix,OCO,HARD,2025_Abu Dhabi Grand Prix_OCO_2.0,38,6.0,0.044353249544245896,0.15201538661904765
Abu Dhabi Grand Prix,PIA,HARD,2025_Abu Dhabi Grand Prix_PIA_1.0,40,10.0,0.0339152860886997,0.16565834070009233
Abu Dhabi Grand Prix,PIA,MEDIUM,2025_Abu Dhabi Grand Prix_PIA_2.0,16,11.0,0.0747608229443345,0.17916893607011053
Abu Dhabi Grand Prix,RUS,MEDIUM,2025_Abu Dhabi Grand Prix_RUS_1.0,12,10.0,0.06080053826817666,0.17923408046220968
Abu Dhabi Grand Prix,RUS,HARD,2025_Abu Dhabi Grand Prix_RUS_2.0,43,43.0,0.04092333780486595,0.16319486070182931
Abu Dhabi Grand Prix,SAI,MEDIUM,2025_Abu Dhabi Grand Prix_SAI_1.0,16,10.0,0.06725416470376153,0.20018907091532928
Abu Dhabi Grand Prix,SAI,HARD,2025_Abu Dhabi Grand Prix_SAI_2.0,39,6.0,0.043274069696742606,0.12196552613429867
Abu Dhabi Grand Prix,STR,HARD,2025_Abu Dhabi Grand Prix_STR_1.0,40,11.0,0.036951515802110625,0.18470114759260614
Abu Dhabi Grand Prix,STR,MEDIUM,2025_Abu Dhabi Grand Prix_STR_2.0,15,11.0,0.08307704299513316,0.19070809630625818
Abu Dhabi Grand Prix,TSU,HARD,2025_Abu Dhabi Grand Prix_TSU_1.0,30,10.0,0.040436508602002,0.19339971644518683
Abu Dhabi Grand Prix,TSU,MEDIUM,2025_Abu Dhabi Grand Prix_TSU_2.0,25,12.0,0.06170113248866393,0.10638576097033459
Abu Dhabi Grand Prix,VER,MEDIUM,2025_Abu Dhabi Grand Prix_VER_1.0,22,10.0,0.04311965319757389,0.16304561126120432
Abu Dhabi Grand Prix,VER,HARD,2025_Abu Dhabi Grand Prix_VER_2.0,34,11.0,0.04312197244625765,0.10392767882549236
Austrian Grand Prix,ALB,MEDIUM,2025_Austrian Grand Prix_ALB_1.0,9,11.0,0.05442258028720726,0.1407724047603568
Austrian Grand Prix,ALO,MEDIUM,2025_Austrian Grand Prix_ALO_1.0,27,11.0,0.03389499588082159,0.09166579719254338
Austrian Grand Prix,ALO,HARD,2025_Austrian Grand Prix_ALO_2.0,35,11.0,0.03584248816239514,0.10441065110795228
Austrian Grand Prix,BEA,SOFT,2025_Austrian Grand Prix_BEA_1.0,7,9.0,0.032340257906513764,0.09931960618020899
Austrian Grand Prix,BEA,HARD,2025_Austrian Grand Prix_BEA_2.0,25,,0.04681657477464038,0.12675491822445312
Austrian Grand Prix,BEA,MEDIUM,2025_Austrian Grand Prix_BEA_3.0,28,11.0,0.04701500420010699,0.13402371078522451
Austrian Grand Prix,BOR,MEDIUM,2025_Austrian Grand Prix_BOR_1.0,17,10.0,0.058591043273198924,0.1612510991111686
Austrian Grand Prix,BOR,MEDIUM,2025_Austrian Grand Prix_BOR_2.0,25,11.0,0.04862439227556682,0.1109912164607294
Austrian Grand Prix,BOR,HARD,2025_Austrian Grand Prix_BOR_3.0,18,12.0,0.06146132891863671,0.13248482359732006
Austrian Grand Prix,COL,SOFT,2025_Austrian Grand Prix_COL_1.0,9,11.0,0.05866063332258901,0.17284705418171464
Austrian Grand Prix,COL,MEDIUM,2025_Austrian Grand Prix_COL_2.0,23,11.0,0.06070446179520278,0.14781842800255585
Austrian Grand Prix,COL,HARD,2025_Austrian Grand Prix_COL_3.0,29,11.0,0.05102064632081857,0.16704481373065794
Austrian Grand Prix,GAS,SOFT,2025_Austrian Grand Prix_GAS_1.0,8,11.0,0.05663266914379046,0.17092454288984443
Austrian Grand Prix,GAS,HARD,2025_Austrian Grand Prix_GAS_2.0,22,12.0,0.053851528634257954,0.12882292691055786
Austrian Grand Prix,GAS,MEDIUM,2025_Austrian Grand Prix_GAS_3.0,29,11.0,0.044786829167006,0.14704342014175786
Austrian Grand Prix,HAD,MEDIUM,2025_Austrian Grand Prix_HAD_2.0,24,10.0,0.04279126003470052,0.2146017714257549
Austrian Grand Prix,HAD,HARD,2025_Austrian Grand Prix_HAD_3.0,38,12.0,0.03918821390481598,0.14341592033704176
Austrian Grand Prix,HAM,MEDIUM,2025_Austrian Grand Prix_HAM_1.0,22,10.0,0.047338902122306535,0.13039875032772674
Austrian Grand Prix,HAM,HARD,2025_Austrian Grand Prix_HAM_2.0,20,11.0,0.047088142164797064,0.11925631111867391
Austrian Grand Prix,HAM,MEDIUM,2025_Austrian Grand Prix_HAM_3.0,19,11.0,0.056708737691077114,0.11767536038696103
Austrian Grand Prix,HUL,SOFT,2025_Austrian Grand Prix_HUL_1.0,8,10.0,0.041470195621997,0.1231798314475101
Austrian Grand Prix,HUL,MEDIUM,2025_Austrian Grand Prix_HUL_2.0,27,8.0,0.040985565808265345,0.12866491740140062
Austrian Grand Prix,HUL,MEDIUM,2025_Austrian Grand Prix_HUL_3.0,26,12.0,0.04114871669666971,0.1418018058981988
Austrian Grand Prix,LAW,MEDIUM,2025_Austrian Grand Prix_LAW_1.0,27,10.0,0.05191074178450403,0.18408438662377943
Austrian Grand Prix,LAW,HARD,2025_Austrian Grand Prix_LAW_2.0,37,11.0,0.0356759159400485,0.11431303670352722
Austrian Grand Prix,LEC,MEDIUM,2025_Austrian Grand Prix_LEC_1.0,21,10.0,0.0518054792108663,0.1558542265677036
Austrian Grand Prix,LEC,HARD,2025_Austrian Grand Prix_LEC_2.0,21,11.0,0.034835852922513885,0.08354024711161381
Austrian Grand Prix,LEC,MEDIUM,2025_Austrian Grand Prix_LEC_3.0,20,12.0,0.04516503386723664,0.1115004980421444
Austrian Grand Prix,NOR,MEDIUM,2025_Austrian Grand Prix_NOR_1.0,16,10.0,0.05480123824493052,0.16309794906938616
Austrian Grand Prix,NOR,HARD,2025_Austrian Grand Prix_NOR_2.0,29,10.0,0.036456870639502335,0.09647432204362194
Austrian Grand Prix,NOR,MEDIUM,2025_Austrian Grand Prix_NOR_3.0,17,11.0,0.061748010750862975,0.13613737827533035
Austrian Grand Prix,OCO,MEDIUM,2025_Austrian Grand Prix_OCO_1.0,15,11.0,0.05034110605828591,0.1343654287385621
Austrian Grand Prix,OCO,HARD,2025_Austrian Grand Prix_OCO_2.0,28,5.0,0.04262985566352121,0.11843046943958213
Austrian Grand Prix,OCO,HARD,2025_Austrian Grand Prix_OCO_3.0,17,6.0,0.055526814342721414,0.11240252352670321
Austrian Grand Prix,PIA,MEDIUM,2025_Austrian Grand Prix_PIA_1.0,20,10.0,0.05522490844275076,0.17348725646395585
Austrian Grand Prix,PIA,HARD,2025_Austrian Grand Prix_PIA_2.0,26,11.0,0.041482715278397454,0.09898617974132312
Austrian Grand Prix,PIA,MEDIUM,2025_Austrian Grand Prix_PIA_3.0,15,10.0,0.07142808116991588,0.12154614031899813
Austrian Grand Prix,RUS,MEDIUM,2025_Austrian Grand Prix_RUS_1.0,14,11.0,0.054795165581803626,0.15449436325674223
Austrian Grand Prix,RUS,MEDIUM,2025_Austrian Grand Prix_RUS_2.0,24,,0.03810046700543165,0.08290725588270303
Austrian Grand Prix,RUS,HARD,2025_Austrian Grand Prix_RUS_3.0,24,11.0,0.05181870828703843,0.10761459124351924
Austrian Grand Prix,STR,MEDIUM,2025_Austrian Grand Prix_STR_1.0,21,11.0,0.04079246949033175,0.12422093974532451
Austrian Grand Prix,STR,HARD,2025_Austrian Grand Prix_STR_2.0,24,11.0,0.049050249855039744,0.117193392132383
Austrian Grand Prix,STR,SOFT,2025_Austrian Grand Prix_STR_3.0,15,11.0,0.06886691878970233,0.13186353508647652
Austrian Grand Prix,TSU,MEDIUM,2025_Austrian Grand Prix_TSU_1.0,14,11.0,0.0525671167983281,0.15608983233586318
Austrian Grand Prix,TSU,HARD,2025_Austrian Grand Prix_TSU_2.0,10,6.0,0.05344281461934177,0.08935320631030497
Austrian Grand Prix,TSU,MEDIUM,2025_Austrian Grand Prix_TSU_3.0,26,11.0,0.04546322013656327,0.11162865718712561
Austrian Grand Prix,TSU,SOFT,2025_Austrian Grand Prix_TSU_4.0,6,,0.06326095640932546,0.14981811994707694
Azerbaijan Grand Prix,ALB,MEDIUM,2025_Azerbaijan Grand Prix_ALB_2.0,8,9.0,0.015517329999924409,0.05953399675391251
Azerbaijan Grand Prix,ALB,HARD,2025_Azerbaijan Grand Prix_ALB_3.0,33,12.0,0.02398439023263176,0.11668529360977142
Azerbaijan Grand Prix,ALO,MEDIUM,2025_Azerbaijan Grand Prix_ALO_1.0,12,17.0,0.01072611722830078,0.049649744432484044
Azerbaijan Grand Prix,ALO,HARD,2025_Azerbaijan Grand Prix_ALO_2.0,29,6.0,0.02501582050883556,0.12126093711971941
Azerbaijan Grand Prix,ANT,MEDIUM,2025_Azerbaijan Grand Prix_ANT_1.0,11,15.0,0.011759203905869148,0.04570214722099668
Azerbaijan Grand Prix,ANT,HARD,2025_Azerbaijan Grand Prix_ANT_2.0,32,20.0,0.026344895546804168,0.13699861874100472
Azerbaijan Grand Prix,BEA,HARD,2025_Azerbaijan Grand Prix_BEA_1.0,19,10.0,0.017285561920008023,0.10002512192760663
Azerbaijan Grand Prix,BEA,MEDIUM,2025_Azerbaijan Grand Prix_BEA_2.0,22,5.0,0.04197064431353042,0.15778862628534304
Azerbaijan Grand Prix,BOR,HARD,2025_Azerbaijan Grand Prix_BOR_1.0,17,10.0,0.01601643166361549,0.07879718141163605
Azerbaijan Grand Prix,BOR,MEDIUM,2025_Azerbaijan Grand Prix_BOR_2.0,24,23.0,0.02523210674962127,0.1050233793577211
Azerbaijan Grand Prix,COL,MEDIUM,2025_Azerbaijan Grand Prix_COL_1.0,9,14.0,0.031371367187759173,0.1539562434800854
Azerbaijan Grand Prix,COL,HARD,2025_Azerbaijan Grand Prix_COL_2.0,32,11.0,0.027656652388319183,0.09541664161327312
Azerbaijan Grand Prix,GAS,HARD,2025_Azerbaijan Grand Prix_GAS_1.0,26,10.0,0.019780980546432174,0.08452171375110454
Azerbaijan Grand Prix,GAS,MEDIUM,2025_Azerbaijan Grand Prix_GAS_2.0,14,5.0,0.038714893292464206,0.1362202701369995
Azerbaijan Grand Prix,HAD,MEDIUM,2025_Azerbaijan Grand Prix_HAD_1.0,20,14.0,0.010465655694337609,0.04973504808560769
Azerbaijan Grand Prix,HAD,HARD,2025_Azerbaijan Grand Prix_HAD_2.0,21,7.0,0.036171835116152025,0.1856943750277067
Azerbaijan Grand Prix,HAM,HARD,2025_Azerbaijan Grand Prix_HAM_1.0,27,10.0,0.016989253082875765,0.07312318400989778
Azerbaijan Grand Prix,HAM,MEDIUM,2025_Azerbaijan Grand Prix_HAM_2.0,14,15.0,0.06481745338614345,0.24752101729904874
Azerbaijan Grand Prix,HUL,HARD,2025_Azerbaijan Grand Prix_HUL_1.0,27,10.0,0.020846631574765056,0.0983440535710914
Azerbaijan Grand Prix,HUL,MEDIUM,2025_Azerbaijan Grand Prix_HUL_2.0,14,14.0,0.05663758555449494,0.22233968347851085
Azerbaijan Grand Prix,LAW,MEDIUM,2025_Azerbaijan Grand Prix_LAW_1.0,11,20.0,0.010648284329668993,0.03668440744248881
Azerbaijan Grand Prix,LAW,HARD,2025_Azerbaijan Grand Prix_LAW_2.0,30,31.0,0.023681512402050423,0.17175267902496488
Azerbaijan Grand Prix,LEC,MEDIUM,2025_Azerbaijan Grand Prix_LEC_1.0,10,13.0,0.011577367123563248,0.04010043796577942
Azerbaijan Grand Prix,LEC,HARD,2025_Azerbaijan Grand Prix_LEC_2.0,31,9.0,0.03146204205268969,0.1433712420240465
Azerbaijan Grand Prix,NOR,MEDIUM,2025_Azerbaijan Grand Prix_NOR_1.0,28,14.0,0.013216107939234074,0.08653866416890177
Azerbaijan Grand Prix,NOR,HARD,2025_Azerbaijan Grand Prix_NOR_2.0,13,13.0,0.06736743097274905,0.3306918803593315
Azerbaijan Grand Prix,OCO,HARD,2025_Azerbaijan Grand Prix_OCO_3.0,43,9.0,0.014737735599798714,0.1043731353583216
Azerbaijan Grand Prix,RUS,HARD,2025_Azerbaijan Grand Prix_RUS_1.0,29,10.0,0.009940523532762402,0.05627934956043468
Azerbaijan Grand Prix,RUS,MEDIUM,2025_Azerbaijan Grand Prix_RUS_2.0,11,12.0,0.034094151310545,0.09825448136706505
Azerbaijan Grand Prix,SAI,MEDIUM,2025_Azerbaijan Grand Prix_SAI_1.0,18,15.0,0.014692536508815086,0.05722825157980574
Azerbaijan Grand Prix,SAI,HARD,2025_Azerbaijan Grand Prix_SAI_2.0,23,6.0,0.03561283772349159,0.15255125649314016
Azerbaijan Grand Prix,STR,MEDIUM,2025_Azerbaijan Grand Prix_STR_1.0,28,13.0,0.011131337683616608,0.05437182424327991
Azerbaijan Grand Prix,STR,HARD,2025_Azerbaijan Grand Prix_STR_2.0,13,13.0,0.07413961381545608,0.3819176473959428
Azerbaijan Grand Prix,TSU,HARD,2025_Azerbaijan Grand Prix_TSU_1.0,28,10.0,0.011189852171109616,0.05493535758446935
Azerbaijan Grand Prix,TSU,MEDIUM,2025_Azerbaijan Grand Prix_TSU_2.0,12,18.0,0.048836133768760635,0.19282762131049958
Azerbaijan Grand Prix,VER,HARD,2025_Azerbaijan Grand Prix_VER_1.0,32,14.0,0.01447392090780059,0.10989772388764868
Azerbaijan Grand Prix,VER,MEDIUM,2025_Azerbaijan Grand Prix_VER_2.0,10,12.0,0.05365441313029231,0.1471801765579166
Bahrain Grand Prix,ALB,SOFT,2025_Bahrain Grand Prix_ALB_1.0,14,7.0,0.0894669932400051,0.21891673079046048
Bahrain Grand Prix,ALB,HARD,2025_Bahrain Grand Prix_ALB_2.0,14,15.0,0.10665042600042317,0.1828131700713012
Bahrain Grand Prix,ALB,MEDIUM,2025_Bahrain Grand Prix_ALB_3.0,22,11.0,0.07874751272511019,0.20501076652861794
Bahrain Grand Prix,ALO,MEDIUM,2025_Bahrain Grand Prix_ALO_1.0,14,7.0,0.08111011529301115,0.20747587421840602
Bahrain Grand Prix,ALO,MEDIUM,2025_Bahrain Grand Prix_ALO_2.0,14,,0.08219580953241794,0.1613279720216268
Bahrain Grand Prix,ALO,HARD,2025_Bahrain Grand Prix_ALO_3.0,22,11.0,0.060458233759633793,0.1583898155843778
Bahrain Grand Prix,ANT,SOFT,2025_Bahrain Grand Prix_ANT_1.0,10,11.0,0.106509592526658,0.24830183311937082
Bahrain Grand Prix,ANT,MEDIUM,2025_Bahrain Grand Prix_ANT_2.0,13,,0.09480800838383201,0.2071669293706234
Bahrain Grand Prix,ANT,SOFT,2025_Bahrain Grand Prix_ANT_4.0,22,21.0,0.07731795286225712,0.1803367357400899
Bahrain Grand Prix,BEA,SOFT,2025_Bahrain Grand Prix_BEA_1.0,12,7.0,0.09097934798945569,0.20614647804112102
Bahrain Grand Prix,BEA,HARD,2025_Bahrain Grand Prix_BEA_2.0,16,,0.08603817879502396,0.16223100165724524
Bahrain Grand Prix,BEA,SOFT,2025_Bahrain Grand Prix_BEA_3.0,22,11.0,0.08000026902121088,0.22403743117676422
Bahrain Grand Prix,BOR,MEDIUM,2025_Bahrain Grand Prix_BOR_1.0,11,7.0,0.08622436090596591,0.21102098902489086
Bahrain Grand Prix,BOR,HARD,2025_Bahrain Grand Prix_BOR_2.0,17,,0.0769346802817278,0.13763820471542243
Bahrain Grand Prix,BOR,MEDIUM,2025_Bahrain Grand Prix_BOR_3.0,22,11.0,0.07870347171778357,0.21842758557680564
Bahrain Grand Prix,DOO,SOFT,2025_Bahrain Grand Prix_DOO_1.0,7,7.0,0.08299677510975834,0.24135315105321054
Bahrain Grand Prix,DOO,MEDIUM,2025_Bahrain Grand Prix_DOO_2.0,17,7.0,0.09129821397305049,0.18916113557883674
Bahrain Grand Prix,DOO,HARD,2025_Bahrain Grand Prix_DOO_3.0,24,12.0,0.07488255336394388,0.23598742263063133
Bahrain Grand Prix,GAS,SOFT,2025_Bahrain Grand Prix_GAS_1.0,8,11.0,0.14921133370494594,0.32611789466094976
Bahrain Grand Prix,GAS,MEDIUM,2025_Bahrain Grand Prix_GAS_2.0,16,,0.08713546458817928,0.22101151757761306
Bahrain Grand Prix,GAS,HARD,2025_Bahrain Grand Prix_GAS_3.0,23,21.0,0.07087423975273593,0.15152129488683164
Bahrain Grand Prix,HAD,MEDIUM,2025_Bahrain Grand Prix_HAD_2.0,20,7.0,0.07833358717425068,0.1741005839086644
Bahrain Grand Prix,HAD,HARD,2025_Bahrain Grand Prix_HAD_3.0,24,12.0,0.05725943675480145,0.133671408408075
Bahrain Grand Prix,HAM,MEDIUM,2025_Bahrain Grand Prix_HAM_1.0,15,7.0,0.07777826177556964,0.22469817631886208
Bahrain Grand Prix,HAM,MEDIUM,2025_Bahrain Grand Prix_HAM_2.0,13,,0.07896111691697046,0.2099279431311199
Bahrain Grand Prix,HAM,HARD,2025_Bahrain Grand Prix_HAM_3.0,22,11.0,0.08248322470213229,0.1773364942052924
Bahrain Grand Prix,HUL,MEDIUM,2025_Bahrain Grand Prix_HUL_2.0,20,,0.07933199077718522,0.1667112859320804
Bahrain Grand Prix,HUL,MEDIUM,2025_Bahrain Grand Prix_HUL_3.0,25,24.0,0.06448049935279068,0.2154054315700521
Bahrain Grand Prix,LAW,MEDIUM,2025_Bahrain Grand Prix_LAW_1.0,12,7.0,0.07398817656641453,0.19323791173825686
Bahrain Grand Prix,LAW,HARD,2025_Bahrain Grand Prix_LAW_2.0,16,,0.08346622368004153,0.19363754384902487
Bahrain Grand Prix,LAW,SOFT,2025_Bahrain Grand Prix_LAW_3.0,22,21.0,0.07588223562217132,0.25957866790762707
Bahrain Grand Prix,LEC,MEDIUM,2025_Bahrain Grand Prix_LEC_1.0,16,7.0,0.07259203416174077,0.22576752978373182
Bahrain Grand Prix,LEC,MEDIUM,2025_Bahrain Grand Prix_LEC_2.0,13,,0.07805481239442108,0.16567827247477848
Bahrain Grand Prix,LEC,HARD,2025_Bahrain Grand Prix_LEC_3.0,22,11.0,0.0950736204995123,0.18176929655806207
Bahrain Grand Prix,NOR,SOFT,2025_Bahrain Grand Prix_NOR_1.0,9,11.0,0.12296305961026295,0.30870485391317715
Bahrain Grand Prix,NOR,MEDIUM,2025_Bahrain Grand Prix_NOR_2.0,20,11.0,0.06162146058486547,0.1442287460021139
Bahrain Grand Prix,NOR,MEDIUM,2025_Bahrain Grand Prix_NOR_3.0,22,11.0,0.08359107502790093,0.21521166214908816
Bahrain Grand Prix,OCO,SOFT,2025_Bahrain Grand Prix_OCO_1.0,6,5.0,0.04213618028561977,0.08624441190555321
Bahrain Grand Prix,OCO,MEDIUM,2025_Bahrain Grand Prix_OCO_2.0,17,7.0,0.08739108247054009,0.2112102549175448
Bahrain Grand Prix,OCO,HARD,2025_Bahrain Grand Prix_OCO_3.0,25,22.0,0.07050067321762374,0.25806091439174716
Bahrain Grand Prix,PIA,SOFT,2025_Bahrain Grand Prix_PIA_1.0,13,7.0,0.0880448164817346,0.21324354430055903
Bahrain Grand Prix,PIA,MEDIUM,2025_Bahrain Grand Prix_PIA_2.0,16,,0.06763038350318976,0.09895746505643574
Bahrain Grand Prix,PIA,MEDIUM,2025_Bahrain Grand Prix_PIA_3.0,22,23.0,0.07817920054102304,0.21492348519730653
Bahrain Grand Prix,RUS,SOFT,2025_Bahrain Grand Prix_RUS_1.0,12,11.0,0.10294116508381994,0.24340821888807918
Bahrain Grand Prix,RUS,MEDIUM,2025_Bahrain Grand Prix_RUS_2.0,17,12.0,0.06354548441983388,0.11054046812268137
Bahrain Grand Prix,RUS,SOFT,2025_Bahrain Grand Prix_RUS_3.0,22,12.0,0.07778156905144246,0.1360853762831995
Bahrain Grand Prix,SAI,SOFT,2025_Bahrain Grand Prix_SAI_1.0,13,7.0,0.09335478854638406,0.24710503387145666
Bahrain Grand Prix,SAI,MEDIUM,2025_Bahrain Grand Prix_SAI_2.0,16,,0.09157604077042103,0.18373065641916086
Bahrain Grand Prix,SAI,HARD,2025_Bahrain Grand Prix_SAI_3.0,8,9.0,0.08169786780284974,0.1466570843293039
Bahrain Grand Prix,STR,SOFT,2025_Bahrain Grand Prix_STR_1.0,10,7.0,0.07123692332654827,0.1766569381281895
Bahrain Grand Prix,STR,MEDIUM,2025_Bahrain Grand Prix_STR_2.0,18,11.0,0.0716565786788155,0.15309788553296833
Bahrain Grand Prix,STR,HARD,2025_Bahrain Grand Prix_STR_3.0,22,11.0,0.07428689360070426,0.18558008972060702
Bahrain Grand Prix,TSU,SOFT,2025_Bahrain Grand Prix_TSU_1.0,9,10.0,0.11042432175032049,0.2592688657110057
Bahrain Grand Prix,TSU,MEDIUM,2025_Bahrain Grand Prix_TSU_2.0,19,7.0,0.0825015014401855,0.14617645551037473
Bahrain Grand Prix,TSU,SOFT,2025_Bahrain Grand Prix_TSU_3.0,22,21.0,0.07505790752283188,0.17762808820096687
Bahrain Grand Prix,VER,SOFT,2025_Bahrain Grand Prix_VER_1.0,8,11.0,0.1479968928166903,0.3226976097528249
Bahrain Grand Prix,VER,HARD,2025_Bahrain Grand Prix_VER_2.0,14,,0.10608090869675872,0.2195368890049561
Bahrain Grand Prix,VER,MEDIUM,2025_Bahrain Grand Prix_VER_3.0,26,21.0,0.06303694777864756,0.1415798522228009
British Grand Prix,ALB,MEDIUM,2025_British Grand Prix_ALB_3.0,7,9.0,0.029151311084176363,0.06273120062851828
British Grand Prix,ALO,MEDIUM,2025_British Grand Prix_ALO_3.0,9,15.0,0.026233086888942773,0.11329805797937181
British Grand Prix,BEA,MEDIUM,2025_British Grand Prix_BEA_3.0,9,10.0,0.01585258428382109,0.07442622428168616
British Grand Prix,GAS,MEDIUM,2025_British Grand Prix_GAS_3.0,8,10.0,0.020458316692653602,0.07179886629878418
British Grand Prix,HAM,SOFT,2025_British Grand Prix_HAM_3.0,8,13.0,0.021828321687220608,0.10767958684729234
British Grand Prix,HUL,MEDIUM,2025_British Grand Prix_HUL_3.0,8,9.0,0.025827195597657657,0.08057163395054207
British Grand Prix,LEC,SOFT,2025_British Grand Prix_LEC_3.0,8,12.0,0.020575394974221048,0.09471526757123139
British Grand Prix,NOR,MEDIUM,2025_British Grand Prix_NOR_3.0,7,7.0,0.0280037809820935,0.10658410275159586
British Grand Prix,OCO,MEDIUM,2025_British Grand Prix_OCO_3.0,8,9.0,0.022261074964416358,0.050123915907675676
British Grand Prix,PIA,MEDIUM,2025_British Grand Prix_PIA_3.0,7,8.0,0.05243556496958457,0.19636497566722416
British Grand Prix,RUS,HARD,2025_British Grand Prix_RUS_3.0,8,13.0,0.02580108935215042,0.12030319487903512
British Grand Prix,SAI,MEDIUM,2025_British Grand Prix_SAI_3.0,8,10.0,0.018805544734009857,0.07186256865413587
British Grand Prix,STR,SOFT,2025_British Grand Prix_STR_4.0,8,10.0,0.02021543551698235,0.05221740730087221
British Grand Prix,TSU,MEDIUM,2025_British Grand Prix_TSU_3.0,6,9.0,0.02769755738712089,0.045518746872759114
British Grand Prix,VER,MEDIUM,2025_British Grand Prix_VER_3.0,8,10.0,0.019861003999545695,0.07068565494453438
Canadian Grand Prix,ALB,MEDIUM,2025_Canadian Grand Prix_ALB_1.0,20,12.0,0.040761261911646765,0.10977504819081757
Canadian Grand Prix,ALB,HARD,2025_Canadian Grand Prix_ALB_2.0,20,11.0,0.04010782138397032,0.09782413035860721
Canadian Grand Prix,ALO,MEDIUM,2025_Canadian Grand Prix_ALO_1.0,13,12.0,0.06276902955865125,0.1862276510835068
Canadian Grand Prix,ALO,HARD,2025_Canadian Grand Prix_ALO_2.0,32,,0.029401745294981543,0.16546270563187054
Canadian Grand Prix,ALO,HARD,2025_Canadian Grand Prix_ALO_3.0,14,6.0,0.03498242331868047,0.10641404637083002
Canadian Grand Prix,ANT,MEDIUM,2025_Canadian Grand Prix_ANT_1.0,12,17.0,0.047182097510925225,0.09170760617672846
Canadian Grand Prix,ANT,HARD,2025_Canadian Grand Prix_ANT_2.0,22,,0.025772301721221937,0.12202124330367314
Canadian Grand Prix,ANT,HARD,2025_Canadian Grand Prix_ANT_3.0,25,26.0,0.02171433415837044,0.0657294178334758
Canadian Grand Prix,BEA,MEDIUM,2025_Canadian Grand Prix_BEA_1.0,16,10.0,0.05139199878322348,0.2206281784138148
Canadian Grand Prix,BEA,HARD,2025_Canadian Grand Prix_BEA_2.0,41,11.0,0.02855092206262769,0.10541652837098536
Canadian Grand Prix,BOR,HARD,2025_Canadian Grand Prix_BOR_1.0,46,10.0,0.023112376113592677,0.21072287584603994
Canadian Grand Prix,BOR,MEDIUM,2025_Canadian Grand Prix_BOR_2.0,14,7.0,0.051123231117757684,0.10088535755433126
Canadian Grand Prix,COL,MEDIUM,2025_Canadian Grand Prix_COL_1.0,12,15.0,0.05433101204917697,0.09510033894252409
Canadian Grand Prix,COL,HARD,2025_Canadian Grand Prix_COL_2.0,46,18.0,0.029668909072204316,0.1802234589607451
Canadian Grand Prix,GAS,HARD,2025_Canadian Grand Prix_GAS_1.0,50,10.0,0.021671510266492076,0.1191354060490935
Canadian Grand Prix,GAS,MEDIUM,2025_Canadian Grand Prix_GAS_2.0,9,6.0,0.037634585738201026,0.08315368721401842
Canadian Grand Prix,HAD,MEDIUM,2025_Canadian Grand Prix_HAD_1.0,11,10.0,0.06464016667292757,0.20633065526287098
Canadian Grand Prix,HAD,HARD,2025_Canadian Grand Prix_HAD_2.0,46,11.0,0.021846298227895522,0.09492126825822877
Canadian Grand Prix,HAM,MEDIUM,2025_Canadian Grand Prix_HAM_1.0,13,10.0,0.055264313823783356,0.17467897350929784
Canadian Grand Prix,HAM,HARD,2025_Canadian Grand Prix_HAM_2.0,28,,0.020535477389442367,0.07413781285609664
Canadian Grand Prix,HAM,HARD,2025_Canadian Grand Prix_HAM_3.0,18,6.0,0.027562106584352722,0.06531848739412749
Canadian Grand Prix,HUL,MEDIUM,2025_Canadian Grand Prix_HUL_1.0,17,10.0,0.04698581546508414,0.12407030575017808
Canadian Grand Prix,HUL,HARD,2025_Canadian Grand Prix_HUL_2.0,44,6.0,0.018136555237458017,0.06861469713045798
Canadian Grand Prix,LAW,HARD,2025_Canadian Grand Prix_LAW_1.0,36,10.0,0.02105316765967367,0.08566276757281709
Canadian Grand Prix,LAW,MEDIUM,2025_Canadian Grand Prix_LAW_2.0,12,14.0,0.052666478541768445,0.2015173230752091
Canadian Grand Prix,LEC,HARD,2025_Canadian Grand Prix_LEC_1.0,26,9.0,0.022321766393011318,0.1003022093659981
Canadian Grand Prix,LEC,HARD,2025_Canadian Grand Prix_LEC_2.0,21,7.0,0.027989770930578133,0.08212995591933364
Canadian Grand Prix,LEC,MEDIUM,2025_Canadian Grand Prix_LEC_3.0,11,5.0,0.0564806214846294,0.17600949130104201
Canadian Grand Prix,NOR,HARD,2025_Canadian Grand Prix_NOR_1.0,27,9.0,0.020410022206961392,0.0857590188588446
Canadian Grand Prix,NOR,MEDIUM,2025_Canadian Grand Prix_NOR_2.0,16,6.0,0.0458953758939478,0.13391363382684585
Canadian Grand Prix,NOR,HARD,2025_Canadian Grand Prix_NOR_3.0,18,8.0,0.03330123482638688,0.07309375668447476
Canadian Grand Prix,OCO,HARD,2025_Canadian Grand Prix_OCO_1.0,54,10.0,0.029179425420905524,0.2397820349599939
Canadian Grand Prix,OCO,MEDIUM,2025_Canadian Grand Prix_OCO_2.0,6,,0.052062901903263674,0.1272465288812188
Canadian Grand Prix,PIA,MEDIUM,2025_Canadian Grand Prix_PIA_1.0,14,10.0,0.05203735369980581,0.16645928322476117
Canadian Grand Prix,PIA,HARD,2025_Canadian Grand Prix_PIA_2.0,27,,0.03135737281774586,0.1359770542731467
Canadian Grand Prix,PIA,HARD,2025_Canadian Grand Prix_PIA_3.0,18,20.0,0.03576203767568281,0.07311693272383868
Canadian Grand Prix,RUS,MEDIUM,2025_Canadian Grand Prix_RUS_1.0,11,11.0,0.0478771750000525,0.11367659904621358
Canadian Grand Prix,RUS,HARD,2025_Canadian Grand Prix_RUS_2.0,27,6.0,0.0236929260685059,0.06093586772739962
Canadian Grand Prix,RUS,HARD,2025_Canadian Grand Prix_RUS_3.0,21,23.0,0.024176667659381597,0.09364753025842698
Canadian Grand Prix,SAI,HARD,2025_Canadian Grand Prix_SAI_1.0,54,10.0,0.029698902072983417,0.2430109352226958
Canadian Grand Prix,SAI,MEDIUM,2025_Canadian Grand Prix_SAI_2.0,6,,0.04843765992563178,0.13003663608789542
Canadian Grand Prix,STR,HARD,2025_Canadian Grand Prix_STR_1.0,22,11.0,0.03154545799204229,0.09047523907002838
Canadian Grand Prix,STR,HARD,2025_Canadian Grand Prix_STR_2.0,24,11.0,0.03593531277859239,0.1541639106924726
Canadian Grand Prix,STR,MEDIUM,2025_Canadian Grand Prix_STR_3.0,12,6.0,0.04519624098334172,0.07621970608483586
Canadian Grand Prix,TSU,HARD,2025_Canadian Grand Prix_TSU_1.0,53,10.0,0.028679434427789224,0.2428932097586156
Canadian Grand Prix,TSU,MEDIUM,2025_Canadian Grand Prix_TSU_2.0,7,5.0,0.054381347105481766,0.17370700527047273
Canadian Grand Prix,VER,MEDIUM,2025_Canadian Grand Prix_VER_1.0,10,11.0,0.045657703491587306,0.11309199867073325
Canadian Grand Prix,VER,HARD,2025_Canadian Grand Prix_VER_2.0,23,10.0,0.03057236686625006,0.05750163446706119
Canadian Grand Prix,VER,HARD,2025_Canadian Grand Prix_VER_3.0,26,6.0,0.02005211388503613,0.05413275409502932
Dutch Grand Prix,ALB,MEDIUM,2025_Dutch Grand Prix_ALB_1.0,21,11.0,0.031006805793943125,0.09772003373167215
Dutch Grand Prix,ALB,HARD,2025_Dutch Grand Prix_ALB_2.0,23,24.0,0.0285825549644921,0.06530009492121647
Dutch Grand Prix,ALB,SOFT,2025_Dutch Grand Prix_ALB_3.0,11,8.0,0.014131506946251532,0.04667123142459813
Dutch Grand Prix,ALO,MEDIUM,2025_Dutch Grand Prix_ALO_1.0,16,11.0,0.03714282546309734,0.1171735919522704
Dutch Grand Prix,ALO,HARD,2025_Dutch Grand Prix_ALO_2.0,11,19.0,0.03359469608865951,0.056915839123115486
Dutch Grand Prix,ALO,HARD,2025_Dutch Grand Prix_ALO_3.0,21,6.0,0.04974468744471435,0.17306467432040845
Dutch Grand Prix,ANT,MEDIUM,2025_Dutch Grand Prix_ANT_1.0,21,11.0,0.03139663932454643,0.09724588416132296
Dutch Grand Prix,ANT,HARD,2025_Dutch Grand Prix_ANT_2.0,21,24.0,0.029581207826967715,0.077388867650245
Dutch Grand Prix,ANT,SOFT,2025_Dutch Grand Prix_ANT_4.0,11,12.0,0.03427008842532418,0.140810051604638
Dutch Grand Prix,BEA,HARD,2025_Dutch Grand Prix_BEA_1.0,42,11.0,0.031841135900022334,0.10078663609454158
Dutch Grand Prix,BEA,MEDIUM,2025_Dutch Grand Prix_BEA_2.0,11,8.0,0.013062163937157728,0.03452108578298274
Dutch Grand Prix,BOR,MEDIUM,2025_Dutch Grand Prix_BOR_1.0,20,13.0,0.034337279630799425,0.10797163047870406
Dutch Grand Prix,BOR,HARD,2025_Dutch Grand Prix_BOR_2.0,23,14.0,0.018727307657684534,0.050626955559915365
Dutch Grand Prix,BOR,SOFT,2025_Dutch Grand Prix_BOR_3.0,6,10.0,0.03596309308731089,0.07371218017271208
Dutch Grand Prix,COL,SOFT,2025_Dutch Grand Prix_COL_1.0,17,11.0,0.040420800385769014,0.11265527910019049
Dutch Grand Prix,COL,HARD,2025_Dutch Grand Prix_COL_2.0,22,21.0,0.031489521973386,0.08865701051582564
Dutch Grand Prix,COL,MEDIUM,2025_Dutch Grand Prix_COL_3.0,7,8.0,0.013336067317086198,0.03807402617028344
Dutch Grand Prix,GAS,MEDIUM,2025_Dutch Grand Prix_GAS_1.0,21,12.0,0.03166661435689769,0.10711741419453083
Dutch Grand Prix,GAS,HARD,2025_Dutch Grand Prix_GAS_2.0,31,14.0,0.03433529804486096,0.07646079044811382
Dutch Grand Prix,HAD,MEDIUM,2025_Dutch Grand Prix_HAD_1.0,21,12.0,0.03334409938775231,0.10753473865266949
Dutch Grand Prix,HAD,HARD,2025_Dutch Grand Prix_HAD_2.0,23,23.0,0.026629603341002027,0.07853155106442711
Dutch Grand Prix,HAD,SOFT,2025_Dutch Grand Prix_HAD_3.0,11,11.0,0.027121271867652872,0.08854408883626663
Dutch Grand Prix,HAM,MEDIUM,2025_Dutch Grand Prix_HAM_1.0,21,12.0,0.03287119461457638,0.12131178400223336
Dutch Grand Prix,HUL,SOFT,2025_Dutch Grand Prix_HUL_1.0,17,11.0,0.03456822493292699,0.09849607068595706
Dutch Grand Prix,HUL,HARD,2025_Dutch Grand Prix_HUL_2.0,21,28.0,0.028134726237559478,0.09750601708985074
Dutch Grand Prix,HUL,MEDIUM,2025_Dutch Grand Prix_HUL_3.0,10,11.0,0.011971785836405301,0.03730513031323479
Dutch Grand Prix,LAW,MEDIUM,2025_Dutch Grand Prix_LAW_1.0,21,12.0,0.03345278313798415,0.10593786344951306
Dutch Grand Prix,LAW,SOFT,2025_Dutch Grand Prix_LAW_3.0,20,22.0,0.03779857208270147,0.10122943186214117
Dutch Grand Prix,LAW,SOFT,2025_Dutch Grand Prix_LAW_4.0,9,12.0,0.02973935511511626,0.08594744611074215
Dutch Grand Prix,LEC,MEDIUM,2025_Dutch Grand Prix_LEC_1.0,20,13.0,0.03504197432927282,0.0958711543031821
Dutch Grand Prix,LEC,HARD,2025_Dutch Grand Prix_LEC_2.0,22,19.0,0.024129557288107176,0.07046562534858569
Dutch Grand Prix,NOR,MEDIUM,2025_Dutch Grand Prix_NOR_1.0,21,10.0,0.024051227986771,0.08777292039230741
Dutch Grand Prix,NOR,HARD,2025_Dutch Grand Prix_NOR_2.0,23,23.0,0.026024103257427777,0.09411413738055069
Dutch Grand Prix,NOR,HARD,2025_Dutch Grand Prix_NOR_3.0,7,9.0,0.024533099743907417,0.05547230472268558
Dutch Grand Prix,OCO,HARD,2025_Dutch Grand Prix_OCO_1.0,42,11.0,0.03442943985048993,0.10405139796611196
Dutch Grand Prix,OCO,MEDIUM,2025_Dutch Grand Prix_OCO_2.0,11,9.0,0.021537782166182587,0.11565459449083493
Dutch Grand Prix,PIA,MEDIUM,2025_Dutch Grand Prix_PIA_1.0,21,11.0,0.03313996443018939,0.09355766215179573
Dutch Grand Prix,PIA,HARD,2025_Dutch Grand Prix_PIA_2.0,23,24.0,0.025161560495257595,0.07675255247030707
Dutch Grand Prix,PIA,HARD,2025_Dutch Grand Prix_PIA_3.0,11,19.0,0.030449691124286395,0.10944953505930421
Dutch Grand Prix,RUS,MEDIUM,2025_Dutch Grand Prix_RUS_1.0,21,12.0,0.03347261152277162,0.10463186680629588
Dutch Grand Prix,RUS,HARD,2025_Dutch Grand Prix_RUS_2.0,23,14.0,0.029115283068717242,0.07003456183765233
Dutch Grand Prix,RUS,SOFT,2025_Dutch Grand Prix_RUS_3.0,11,11.0,0.030543845457876043,0.12143013974265482
Dutch Grand Prix,SAI,MEDIUM,2025_Dutch Grand Prix_SAI_1.0,21,12.0,0.0326712987259093,0.09891885816358331
Dutch Grand Prix,SAI,SOFT,2025_Dutch Grand Prix_SAI_3.0,19,,0.041507159545144126,0.07299656140439575
Dutch Grand Prix,SAI,SOFT,2025_Dutch Grand Prix_SAI_4.0,7,13.0,0.04830173508648925,0.10489896151775047
Dutch Grand Prix,STR,MEDIUM,2025_Dutch Grand Prix_STR_1.0,6,6.0,0.009943064484209868,0.03692626542927657
Dutch Grand Prix,STR,HARD,2025_Dutch Grand Prix_STR_2.0,34,6.0,0.042096538431281284,0.09606242437893772
Dutch Grand Prix,STR,HARD,2025_Dutch Grand Prix_STR_3.0,11,20.0,0.024755957346158722,0.08820734522428886
Dutch Grand Prix,TSU,SOFT,2025_Dutch Grand Prix_TSU_1.0,17,11.0,0.03353607472577882,0.09344462166731266
Dutch Grand Prix,TSU,HARD,2025_Dutch Grand Prix_TSU_2.0,23,14.0,0.033338995570702655,0.1078819992347364
Dutch Grand Prix,TSU,SOFT,2025_Dutch Grand Prix_TSU_3.0,11,12.0,0.033210119190285874,0.09735212356069195
Dutch Grand Prix,VER,SOFT,2025_Dutch Grand Prix_VER_1.0,21,12.0,0.03384928051143558,0.08718385067666168
Dutch Grand Prix,VER,MEDIUM,2025_Dutch Grand Prix_VER_2.0,23,23.0,0.02746879371234518,0.0737032787776511
Dutch Grand Prix,VER,SOFT,2025_Dutch Grand Prix_VER_3.0,11,11.0,0.032371163194548865,0.15603677698668927
Emilia Romagna Grand Prix,ALB,MEDIUM,2025_Emilia Romagna Grand Prix_ALB_1.0,27,7.0,0.03905346034027945,0.1749057554110185
Emilia Romagna Grand Prix,ALB,HARD,2025_Emilia Romagna Grand Prix_ALB_2.0,13,6.0,0.03648310639972909,0.10417463287899503
Emilia Romagna Grand Prix,ALB,HARD,2025_Emilia Romagna Grand Prix_ALB_3.0,10,11.0,0.02793826217438855,0.09876255384239191
Emilia Romagna Grand Prix,ALO,MEDIUM,2025_Emilia Romagna Grand Prix_ALO_1.0,10,12.0,0.07427485793307517,0.20386807334159174
Emilia Romagna Grand Prix,ALO,HARD,2025_Emilia Romagna Grand Prix_ALO_2.0,27,21.0,0.036478332228571234,0.15650166698152201
Emilia Romagna Grand Prix,ALO,MEDIUM,2025_Emilia Romagna Grand Prix_ALO_3.0,10,20.0,0.0194138355736689,0.1246151256067693
Emilia Romagna Grand Prix,ANT,HARD,2025_Emilia Romagna Grand Prix_ANT_1.0,27,6.0,0.044243631313143524,0.16255396001650502
Emilia Romagna Grand Prix,ANT,MEDIUM,2025_Emilia Romagna Grand Prix_ANT_2.0,13,6.0,0.03126357617922261,0.08710229081399176
Emilia Romagna Grand Prix,BEA,HARD,2025_Emilia Romagna Grand Prix_BEA_1.0,26,11.0,0.032369674620962664,0.09551107486138366
Emilia Romagna Grand Prix,BEA,HARD,2025_Emilia Romagna Grand Prix_BEA_3.0,21,10.0,0.031096449851224135,0.09509684100027338
Emilia Romagna Grand Prix,BOR,MEDIUM,2025_Emilia Romagna Grand Prix_BOR_1.0,10,9.0,0.05113455300922698,0.13723770758971715
Emilia Romagna Grand Prix,BOR,HARD,2025_Emilia Romagna Grand Prix_BOR_2.0,14,11.0,0.04602799159994146,0.12300035541274168
Emilia Romagna Grand Prix,BOR,HARD,2025_Emilia Romagna Grand Prix_BOR_3.0,14,6.0,0.032198779030167976,0.08273407976822938
Emilia Romagna Grand Prix,BOR,MEDIUM,2025_Emilia Romagna Grand Prix_BOR_4.0,10,28.0,0.021059777641375364,0.07227260872433139
Emilia Romagna Grand Prix,COL,MEDIUM,2025_Emilia Romagna Grand Prix_COL_1.0,20,9.0,0.04970881274670909,0.13707336956291938
Emilia Romagna Grand Prix,COL,HARD,2025_Emilia Romagna Grand Prix_COL_2.0,17,15.0,0.054012704152997915,0.1885362417678732
Emilia Romagna Grand Prix,COL,HARD,2025_Emilia Romagna Grand Prix_COL_3.0,10,12.0,0.01121547350360425,0.027502455273447246
Emilia Romagna Grand Prix,GAS,MEDIUM,2025_Emilia Romagna Grand Prix_GAS_1.0,6,6.0,0.03739775207348718,0.09178791665521824
Emilia Romagna Grand Prix,GAS,HARD,2025_Emilia Romagna Grand Prix_GAS_2.0,17,,0.05599126351831632,0.11817778898710776
Emilia Romagna Grand Prix,GAS,HARD,2025_Emilia Romagna Grand Prix_GAS_3.0,24,11.0,0.034035156286380576,0.12021168052659321
Emilia Romagna Grand Prix,HAD,MEDIUM,2025_Emilia Romagna Grand Prix_HAD_1.0,27,7.0,0.04220010101339392,0.18100589642239417
Emilia Romagna Grand Prix,HAD,HARD,2025_Emilia Romagna Grand Prix_HAD_2.0,13,6.0,0.03363928960256545,0.14542646412277702
Emilia Romagna Grand Prix,HAD,HARD,2025_Emilia Romagna Grand Prix_HAD_3.0,10,11.0,0.009139371086387089,0.026881887186535836
Emilia Romagna Grand Prix,HAM,HARD,2025_Emilia Romagna Grand Prix_HAM_1.0,27,6.0,0.04358292173895922,0.16060940568530102
Emilia Romagna Grand Prix,HAM,MEDIUM,2025_Emilia Romagna Grand Prix_HAM_2.0,13,6.0,0.034499398997143105,0.12976199710355069
Emilia Romagna Grand Prix,HAM,HARD,2025_Emilia Romagna Grand Prix_HAM_3.0,10,12.0,0.004701263960542279,0.014275827508751116
Emilia Romagna Grand Prix,HUL,HARD,2025_Emilia Romagna Grand Prix_HUL_1.0,26,10.0,0.04245074035546405,0.09875568356642273
Emilia Romagna Grand Prix,HUL,MEDIUM,2025_Emilia Romagna Grand Prix_HUL_2.0,23,11.0,0.02898967765105647,0.1087987534325322
Emilia Romagna Grand Prix,LAW,MEDIUM,2025_Emilia Romagna Grand Prix_LAW_1.0,8,6.0,0.03192549993088897,0.10278046629658233
Emilia Romagna Grand Prix,LAW,HARD,2025_Emilia Romagna Grand Prix_LAW_2.0,16,,0.05451065062441017,0.11544819865620076
Emilia Romagna Grand Prix,LAW,HARD,2025_Emilia Romagna Grand Prix_LAW_3.0,24,14.0,0.03350519955947369,0.1036627806689484
Emilia Romagna Grand Prix,LEC,MEDIUM,2025_Emilia Romagna Grand Prix_LEC_1.0,8,6.0,0.030300064294035485,0.09256104236424485
Emilia Romagna Grand Prix,LEC,HARD,2025_Emilia Romagna Grand Prix_LEC_2.0,17,7.0,0.05566670584328082,0.11426765369679809
Emilia Romagna Grand Prix,LEC,HARD,2025_Emilia Romagna Grand Prix_LEC_3.0,22,15.0,0.038431517097724605,0.08344453807086413
Emilia Romagna Grand Prix,NOR,MEDIUM,2025_Emilia Romagna Grand Prix_NOR_1.0,26,7.0,0.0326657314737506,0.1212857608321124
Emilia Romagna Grand Prix,NOR,HARD,2025_Emilia Romagna Grand Prix_NOR_2.0,14,11.0,0.039695465555358224,0.09810523668436899
Emilia Romagna Grand Prix,NOR,HARD,2025_Emilia Romagna Grand Prix_NOR_3.0,10,14.0,0.008515217812655965,0.02724346289934218
Emilia Romagna Grand Prix,OCO,HARD,2025_Emilia Romagna Grand Prix_OCO_2.0,25,11.0,0.04442712905439107,0.18762615066956617
Emilia Romagna Grand Prix,PIA,MEDIUM,2025_Emilia Romagna Grand Prix_PIA_1.0,11,9.0,0.05392901378075666,0.14267739698150045
Emilia Romagna Grand Prix,PIA,HARD,2025_Emilia Romagna Grand Prix_PIA_2.0,14,11.0,0.04670519679384879,0.1265228088054723
Emilia Romagna Grand Prix,PIA,HARD,2025_Emilia Romagna Grand Prix_PIA_3.0,24,11.0,0.0347640278845483,0.1007883645514373
Emilia Romagna Grand Prix,RUS,MEDIUM,2025_Emilia Romagna Grand Prix_RUS_1.0,9,12.0,0.07287900601379588,0.18847228768858304
Emilia Romagna Grand Prix,RUS,HARD,2025_Emilia Romagna Grand Prix_RUS_2.0,15,11.0,0.04888831861256623,0.09929704649983107
Emilia Romagna Grand Prix,RUS,HARD,2025_Emilia Romagna Grand Prix_RUS_3.0,24,15.0,0.029403134504164787,0.08674438920684652
Emilia Romagna Grand Prix,SAI,MEDIUM,2025_Emilia Romagna Grand Prix_SAI_1.0,9,9.0,0.060948294210831394,0.20909509202710097
Emilia Romagna Grand Prix,SAI,HARD,2025_Emilia Romagna Grand Prix_SAI_2.0,15,11.0,0.049125154335571075,0.10386788696231503
Emilia Romagna Grand Prix,SAI,HARD,2025_Emilia Romagna Grand Prix_SAI_3.0,24,5.0,0.02786212940150612,0.11638183789889314
Emilia Romagna Grand Prix,STR,MEDIUM,2025_Emilia Romagna Grand Prix_STR_1.0,12,11.0,0.052970386790047765,0.16364514355458984
Emilia Romagna Grand Prix,STR,HARD,2025_Emilia Romagna Grand Prix_STR_2.0,25,21.0,0.045729903509930316,0.14883221120795848
Emilia Romagna Grand Prix,STR,MEDIUM,2025_Emilia Romagna Grand Prix_STR_3.0,10,22.0,0.01959981888621872,0.09861308637907451
Emilia Romagna Grand Prix,TSU,HARD,2025_Emilia Romagna Grand Prix_TSU_1.0,26,11.0,0.03960787427047975,0.094780943296148
Emilia Romagna Grand Prix,TSU,MEDIUM,2025_Emilia Romagna Grand Prix_TSU_2.0,24,11.0,0.025678472003362793,0.09802593981138275
Emilia Romagna Grand Prix,VER,MEDIUM,2025_Emilia Romagna Grand Prix_VER_1.0,28,7.0,0.03515679165011876,0.15594644732255852
Emilia Romagna Grand Prix,VER,HARD,2025_Emilia Romagna Grand Prix_VER_2.0,14,12.0,0.039540946128008146,0.11642519473008817
Emilia Romagna Grand Prix,VER,HARD,2025_Emilia Romagna Grand Prix_VER_3.0,10,11.0,0.014765009704716772,0.04210750573944083
Hungarian Grand Prix,ALB,SOFT,2025_Hungarian Grand Prix_ALB_1.0,12,8.0,0.0170808419973356,0.07579637737685949
Hungarian Grand Prix,ALB,MEDIUM,2025_Hungarian Grand Prix_ALB_2.0,22,11.0,0.07277195575722345,0.21858629451359896
Hungarian Grand Prix,ALB,HARD,2025_Hungarian Grand Prix_ALB_3.0,29,8.0,0.059804872316298205,0.22102154046326916
Hungarian Grand Prix,ALO,MEDIUM,2025_Hungarian Grand Prix_ALO_1.0,37,9.0,0.028613843753262112,0.12981040771123672
Hungarian Grand Prix,ALO,HARD,2025_Hungarian Grand Prix_ALO_2.0,30,6.0,0.029407945637279023,0.0862200277978214
Hungarian Grand Prix,ANT,MEDIUM,2025_Hungarian Grand Prix_ANT_1.0,19,8.0,0.030737330446135445,0.0756410019686361
Hungarian Grand Prix,ANT,HARD,2025_Hungarian Grand Prix_ANT_2.0,46,38.0,0.05410871499485798,0.1674081440659816
Hungarian Grand Prix,BEA,MEDIUM,2025_Hungarian Grand Prix_BEA_1.0,28,14.0,0.043151559677877635,0.18926138674789955
Hungarian Grand Prix,BEA,HARD,2025_Hungarian Grand Prix_BEA_2.0,16,7.0,0.076830793574156,0.1601651051062033
Hungarian Grand Prix,BOR,MEDIUM,2025_Hungarian Grand Prix_BOR_1.0,38,8.0,0.030575523089871093,0.21383686165272203
Hungarian Grand Prix,BOR,HARD,2025_Hungarian Grand Prix_BOR_2.0,29,19.0,0.051070687336877967,0.14624227343771867
Hungarian Grand Prix,COL,MEDIUM,2025_Hungarian Grand Prix_COL_1.0,11,8.0,0.014445434341597228,0.06744130147148206
Hungarian Grand Prix,COL,HARD,2025_Hungarian Grand Prix_COL_2.0,20,12.0,0.08100259036447502,0.2022830118362312
Hungarian Grand Prix,COL,HARD,2025_Hungarian Grand Prix_COL_3.0,32,24.0,0.06087423284094269,0.14881289999676905
Hungarian Grand Prix,GAS,HARD,2025_Hungarian Grand Prix_GAS_1.0,30,8.0,0.03984100162392116,0.18655784418924742
Hungarian Grand Prix,GAS,MEDIUM,2025_Hungarian Grand Prix_GAS_2.0,35,27.0,0.047980334129018525,0.15787385635207807
Hungarian Grand Prix,HAD,MEDIUM,2025_Hungarian Grand Prix_HAD_1.0,31,8.0,0.039060813967208674,0.1988528198321841
Hungarian Grand Prix,HAD,HARD,2025_Hungarian Grand Prix_HAD_2.0,33,26.0,0.0526942134816144,0.23266931390930978
Hungarian Grand Prix,HAM,HARD,2025_Hungarian Grand Prix_HAM_1.0,39,8.0,0.034196813706647955,0.19534807643342378
Hungarian Grand Prix,HAM,MEDIUM,2025_Hungarian Grand Prix_HAM_2.0,24,17.0,0.053244275074807335,0.19291072650720809
Hungarian Grand Prix,HUL,MEDIUM,2025_Hungarian Grand Prix_HUL_2.0,34,11.0,0.05387175209735536,0.24663982181366062
Hungarian Grand Prix,HUL,MEDIUM,2025_Hungarian Grand Prix_HUL_3.0,26,6.0,0.05140559524203996,0.14812634092520038
Hungarian Grand Prix,LAW,MEDIUM,2025_Hungarian Grand Prix_LAW_1.0,38,8.0,0.029912755929617438,0.17709584978353127
Hungarian Grand Prix,LAW,HARD,2025_Hungarian Grand Prix_LAW_2.0,29,19.0,0.043560698054182036,0.12986485133854764
Hungarian Grand Prix,LEC,MEDIUM,2025_Hungarian Grand Prix_LEC_1.0,17,8.0,0.028922281668518533,0.12831951583454637
Hungarian Grand Prix,LEC,HARD,2025_Hungarian Grand Prix_LEC_2.0,19,16.0,0.056023757361060224,0.16944553553287867
Hungarian Grand Prix,LEC,HARD,2025_Hungarian Grand Prix_LEC_3.0,29,7.0,0.07123457382064578,0.24770149918638362
Hungarian Grand Prix,NOR,MEDIUM,2025_Hungarian Grand Prix_NOR_1.0,29,8.0,0.035166136164352414,0.1984289938837361
Hungarian Grand Prix,NOR,HARD,2025_Hungarian Grand Prix_NOR_2.0,38,11.0,0.0440035935031316,0.18250145814541996
Hungarian Grand Prix,OCO,MEDIUM,2025_Hungarian Grand Prix_OCO_1.0,12,8.0,0.013820998680961769,0.0708270621908065
Hungarian Grand Prix,OCO,HARD,2025_Hungarian Grand Prix_OCO_2.0,53,6.0,0.05689402482993749,0.23605353297717824
Hungarian Grand Prix,PIA,MEDIUM,2025_Hungarian Grand Prix_PIA_1.0,16,8.0,0.01727149957770675,0.07200098151355458
Hungarian Grand Prix,PIA,HARD,2025_Hungarian Grand Prix_PIA_2.0,25,11.0,0.06079006691388005,0.19548980496846002
Hungarian Grand Prix,PIA,HARD,2025_Hungarian Grand Prix_PIA_3.0,24,15.0,0.06622125875807132,0.2262568756514382
Hungarian Grand Prix,RUS,MEDIUM,2025_Hungarian Grand Prix_RUS_1.0,17,8.0,0.02728033260175074,0.07677648314483107
Hungarian Grand Prix,RUS,HARD,2025_Hungarian Grand Prix_RUS_2.0,22,16.0,0.060933660371471514,0.1610083614722958
Hungarian Grand Prix,RUS,HARD,2025_Hungarian Grand Prix_RUS_3.0,26,12.0,0.06528046660838017,0.11441550516048993
Hungarian Grand Prix,SAI,SOFT,2025_Hungarian Grand Prix_SAI_1.0,13,8.0,0.02016751301112718,0.07427749291202777
Hungarian Grand Prix,SAI,HARD,2025_Hungarian Grand Prix_SAI_2.0,34,10.0,0.05305157184437537,0.22233716570860196
Hungarian Grand Prix,SAI,MEDIUM,2025_Hungarian Grand Prix_SAI_3.0,17,6.0,0.08598430563556764,0.18409828189986893
Hungarian Grand Prix,STR,MEDIUM,2025_Hungarian Grand Prix_STR_1.0,34,9.0,0.03772371237537839,0.1903343549978691
Hungarian Grand Prix,STR,HARD,2025_Hungarian Grand Prix_STR_2.0,33,24.0,0.049866680969379414,0.18696578340091502
Hungarian Grand Prix,TSU,MEDIUM,2025_Hungarian Grand Prix_TSU_1.0,18,8.0,0.027561681881101054,0.07468855141528619
Hungarian Grand Prix,TSU,SOFT,2025_Hungarian Grand Prix_TSU_2.0,15,,0.08397436812515394,0.13969554895927438
Hungarian Grand Prix,TSU,HARD,2025_Hungarian Grand Prix_TSU_3.0,30,7.0,0.06171859070082043,0.1793477963155491
Hungarian Grand Prix,VER,MEDIUM,2025_Hungarian Grand Prix_VER_1.0,15,8.0,0.018050357035374436,0.07480262685527994
Hungarian Grand Prix,VER,HARD,2025_Hungarian Grand Prix_VER_2.0,29,8.0,0.057663911010502986,0.18787370245409873
Hungarian Grand Prix,VER,HARD,2025_Hungarian Grand Prix_VER_3.0,21,6.0,0.07882128304459042,0.15000626762282376
Italian Grand Prix,ALB,HARD,2025_Italian Grand Prix_ALB_1.0,38,11.0,0.011597858953945007,0.06671835635306345
Italian Grand Prix,ALB,MEDIUM,2025_Italian Grand Prix_ALB_2.0,11,6.0,0.02495497135415077,0.09791651836641352
Italian Grand Prix,ALO,MEDIUM,2025_Italian Grand Prix_ALO_1.0,18,6.0,0.012318801606987145,0.056826267213679685
Italian Grand Prix,ANT,MEDIUM,2025_Italian Grand Prix_ANT_1.0,26,11.0,0.013879793555306837,0.05112800780470772
Italian Grand Prix,ANT,HARD,2025_Italian Grand Prix_ANT_2.0,23,6.0,0.024780089643959502,0.06792144978925346
Italian Grand Prix,BEA,MEDIUM,2025_Italian Grand Prix_BEA_1.0,16,10.0,0.017861066363926762,0.056673146183662204
Italian Grand Prix,BEA,HARD,2025_Italian Grand Prix_BEA_2.0,33,5.0,0.01886461691580533,0.10578926725508345
Italian Grand Prix,BOR,MEDIUM,2025_Italian Grand Prix_BOR_1.0,18,6.0,0.014763273060089652,0.06873769922440179
Italian Grand Prix,BOR,HARD,2025_Italian Grand Prix_BOR_2.0,31,5.0,0.011801820128509381,0.06149196469442744
Italian Grand Prix,COL,MEDIUM,2025_Italian Grand Prix_COL_1.0,31,11.0,0.020968149860009683,0.10633227740276158
Italian Grand Prix,COL,HARD,2025_Italian Grand Prix_COL_2.0,17,6.0,0.0503487684986173,0.12866447931899083
Italian Grand Prix,GAS,HARD,2025_Italian Grand Prix_GAS_1.0,46,11.0,0.010473088034187795,0.061837718828782806
Italian Grand Prix,HAD,HARD,2025_Italian Grand Prix_HAD_1.0,30,11.0,0.010396256807643913,0.050821051176158955
Italian Grand Prix,HAD,MEDIUM,2025_Italian Grand Prix_HAD_2.0,19,,0.02696476386266534,0.06762851181337279
Italian Grand Prix,HAM,MEDIUM,2025_Italian Grand Prix_HAM_1.0,36,6.0,0.014473300219491126,0.07853492407807927
Italian Grand Prix,HAM,HARD,2025_Italian Grand Prix_HAM_2.0,13,6.0,0.025623617520902205,0.05853860704271063
Italian Grand Prix,LAW,SOFT,2025_Italian Grand Prix_LAW_1.0,7,6.0,0.012130685411188441,0.04130318701977423
Italian Grand Prix,LAW,HARD,2025_Italian Grand Prix_LAW_2.0,41,11.0,0.023635802200169746,0.14528213762451792
Italian Grand Prix,LEC,MEDIUM,2025_Italian Grand Prix_LEC_1.0,31,10.0,0.009973805899871927,0.05153564804661603
Italian Grand Prix,LEC,HARD,2025_Italian Grand Prix_LEC_2.0,18,6.0,0.02897592817935067,0.08391534543156651
Italian Grand Prix,NOR,MEDIUM,2025_Italian Grand Prix_NOR_1.0,43,12.0,0.01546582450816724,0.05323325249031819
Italian Grand Prix,NOR,SOFT,2025_Italian Grand Prix_NOR_2.0,6,,0.0408900507766285,0.10609201264661294
Italian Grand Prix,OCO,HARD,2025_Italian Grand Prix_OCO_1.0,48,11.0,0.0143964313991042,0.06855611045963847
Italian Grand Prix,PIA,MEDIUM,2025_Italian Grand Prix_PIA_1.0,42,10.0,0.008942940226477111,0.054139319462674244
Italian Grand Prix,PIA,SOFT,2025_Italian Grand Prix_PIA_2.0,7,,0.05702629101569351,0.17885394387712517
Italian Grand Prix,RUS,MEDIUM,2025_Italian Grand Prix_RUS_1.0,25,11.0,0.015401372915137735,0.05877888386977001
Italian Grand Prix,RUS,HARD,2025_Italian Grand Prix_RUS_2.0,24,16.0,0.022271636015116756,0.06523052717239015
Italian Grand Prix,SAI,MEDIUM,2025_Italian Grand Prix_SAI_1.0,28,10.0,0.01375795091802102,0.05785185007094372
Italian Grand Prix,SAI,HARD,2025_Italian Grand Prix_SAI_2.0,21,6.0,0.025529610817579287,0.06902725023422643
Italian Grand Prix,STR,HARD,2025_Italian Grand Prix_STR_1.0,46,11.0,0.010351756326612244,0.05593108227754651
Italian Grand Prix,TSU,MEDIUM,2025_Italian Grand Prix_TSU_1.0,17,11.0,0.022017153677027227,0.06611506913133847
Italian Grand Prix,TSU,HARD,2025_Italian Grand Prix_TSU_2.0,32,5.0,0.02179798944286487,0.10135601101922062
Italian Grand Prix,VER,MEDIUM,2025_Italian Grand Prix_VER_1.0,35,11.0,0.01578874790980528,0.07354434990837223
Italian Grand Prix,VER,HARD,2025_Italian Grand Prix_VER_2.0,13,12.0,0.027435150286068185,0.06965342805829583
Japanese Grand Prix,ALB,MEDIUM,2025_Japanese Grand Prix_ALB_1.0,22,6.0,0.025353350866038984,0.10274613710431868
Japanese Grand Prix,ALB,HARD,2025_Japanese Grand Prix_ALB_2.0,28,5.0,0.02334129914035656,0.20879211428415245
Japanese Grand Prix,ALO,MEDIUM,2025_Japanese Grand Prix_ALO_1.0,22,6.0,0.026895952015182245,0.10012333093100562
Japanese Grand Prix,ALO,HARD,2025_Japanese Grand Prix_ALO_2.0,28,6.0,0.026045933870028643,0.1374479352733265
Japanese Grand Prix,ANT,MEDIUM,2025_Japanese Grand Prix_ANT_1.0,29,10.0,0.02269663725194645,0.1653941155507016
Japanese Grand Prix,ANT,HARD,2025_Japanese Grand Prix_ANT_2.0,21,21.0,0.038880658874891796,0.19191290958239515
Japanese Grand Prix,BEA,MEDIUM,2025_Japanese Grand Prix_BEA_1.0,21,6.0,0.033243330341701585,0.12113524819550514
Japanese Grand Prix,BEA,HARD,2025_Japanese Grand Prix_BEA_2.0,29,21.0,0.023279219771988376,0.11617306860973231
Japanese Grand Prix,BOR,HARD,2025_Japanese Grand Prix_BOR_1.0,29,6.0,0.014898753629820903,0.08726950363111027
Japanese Grand Prix,BOR,MEDIUM,2025_Japanese Grand Prix_BOR_2.0,21,20.0,0.043954483461067284,0.14651703518417958
Japanese Grand Prix,DOO,SOFT,2025_Japanese Grand Prix_DOO_1.0,13,8.0,0.013966973132118391,0.03784327138450838
Japanese Grand Prix,DOO,HARD,2025_Japanese Grand Prix_DOO_2.0,37,14.0,0.025293503917550465,0.12180877324235662
Japanese Grand Prix,GAS,MEDIUM,2025_Japanese Grand Prix_GAS_1.0,22,6.0,0.02619240563056012,0.10257321796872226
Japanese Grand Prix,GAS,HARD,2025_Japanese Grand Prix_GAS_2.0,28,22.0,0.024940331008982002,0.13450703945128217
Japanese Grand Prix,HAD,MEDIUM,2025_Japanese Grand Prix_HAD_1.0,23,6.0,0.01955441571686318,0.05827986120719092
Japanese Grand Prix,HAD,HARD,2025_Japanese Grand Prix_HAD_2.0,27,23.0,0.019151858575839297,0.12060078758267051
Japanese Grand Prix,HAM,HARD,2025_Japanese Grand Prix_HAM_1.0,28,6.0,0.016654290357716896,0.06412557917956749
Japanese Grand Prix,HAM,MEDIUM,2025_Japanese Grand Prix_HAM_2.0,22,12.0,0.040324896004058704,0.12142290679958867
Japanese Grand Prix,HUL,MEDIUM,2025_Japanese Grand Prix_HUL_1.0,20,11.0,0.014959391487124338,0.044081352089472114
Japanese Grand Prix,HUL,HARD,2025_Japanese Grand Prix_HUL_2.0,29,7.0,0.025095428481794545,0.053226156870230246
Japanese Grand Prix,LAW,MEDIUM,2025_Japanese Grand Prix_LAW_1.0,31,10.0,0.022897310520802117,0.1722007526133721
Japanese Grand Prix,LAW,SOFT,2025_Japanese Grand Prix_LAW_2.0,19,12.0,0.044670985011417,0.12783463492572222
Japanese Grand Prix,LEC,MEDIUM,2025_Japanese Grand Prix_LEC_1.0,19,14.0,0.017926339284249537,0.06676370738109311
Japanese Grand Prix,LEC,HARD,2025_Japanese Grand Prix_LEC_2.0,31,20.0,0.024109537829754953,0.13040033880633195
Japanese Grand Prix,NOR,MEDIUM,2025_Japanese Grand Prix_NOR_1.0,20,14.0,0.010610973069191232,0.03294288751024366
Japanese Grand Prix,NOR,HARD,2025_Japanese Grand Prix_NOR_2.0,31,22.0,0.02733729267955378,0.1654361964718134
Japanese Grand Prix,OCO,HARD,2025_Japanese Grand Prix_OCO_1.0,30,11.0,0.015779839182661588,0.11300711912269557
Japanese Grand Prix,OCO,MEDIUM,2025_Japanese Grand Prix_OCO_2.0,20,19.0,0.03959054391826077,0.1474313925229952
Japanese Grand Prix,PIA,MEDIUM,2025_Japanese Grand Prix_PIA_1.0,19,6.0,0.017038925509632562,0.06922549865439756
Japanese Grand Prix,PIA,HARD,2025_Japanese Grand Prix_PIA_2.0,32,21.0,0.021072405938515414,0.12740632342097236
Japanese Grand Prix,RUS,MEDIUM,2025_Japanese Grand Prix_RUS_1.0,17,11.0,0.021005658365044984,0.06662496311367927
Japanese Grand Prix,RUS,HARD,2025_Japanese Grand Prix_RUS_2.0,33,29.0,0.020908052686926394,0.15039406541462974
Japanese Grand Prix,SAI,MEDIUM,2025_Japanese Grand Prix_SAI_1.0,31,10.0,0.023516646102100643,0.12386204974991644
Japanese Grand Prix,SAI,SOFT,2025_Japanese Grand Prix_SAI_2.0,19,20.0,0.04538780749898647,0.11782331430508242
Japanese Grand Prix,STR,SOFT,2025_Japanese Grand Prix_STR_1.0,7,7.0,0.007343821010283197,0.023563588367317145
Japanese Grand Prix,STR,HARD,2025_Japanese Grand Prix_STR_2.0,19,20.0,0.018591864554200123,0.06958292061028484
Japanese Grand Prix,STR,MEDIUM,2025_Japanese Grand Prix_STR_3.0,20,,0.03742689236463961,0.07778059298766449
Japanese Grand Prix,TSU,MEDIUM,2025_Japanese Grand Prix_TSU_1.0,21,15.0,0.03402401244148238,0.1402220435171675
Japanese Grand Prix,TSU,HARD,2025_Japanese Grand Prix_TSU_2.0,29,6.0,0.023284335871448594,0.11285434656077276
Japanese Grand Prix,VER,MEDIUM,2025_Japanese Grand Prix_VER_1.0,20,10.0,0.014792433097238617,0.04610027126311622
Japanese Grand Prix,VER,HARD,2025_Japanese Grand Prix_VER_2.0,31,21.0,0.022403748107943638,0.14956775601764172
Las Vegas Grand Prix,ALB,HARD,2025_Las Vegas Grand Prix_ALB_1.0,9,11.0,0.011528354349063331,0.03416244948982612
Las Vegas Grand Prix,ALB,HARD,2025_Las Vegas Grand Prix_ALB_3.0,18,12.0,0.020623390879036,0.10780713819570775
Las Vegas Grand Prix,ALO,MEDIUM,2025_Las Vegas Grand Prix_ALO_1.0,11,14.0,0.02001180894433803,0.06535549830329387
Las Vegas Grand Prix,ALO,HARD,2025_Las Vegas Grand Prix_ALO_2.0,33,13.0,0.039131662957662065,0.12546512245864988
Las Vegas Grand Prix,ANT,HARD,2025_Las Vegas Grand Prix_ANT_2.0,45,6.0,0.014100669239712945,0.0770278283689011
Las Vegas Grand Prix,BEA,MEDIUM,2025_Las Vegas Grand Prix_BEA_1.0,11,14.0,0.02523271573173019,0.09241225540234257
Las Vegas Grand Prix,BEA,HARD,2025_Las Vegas Grand Prix_BEA_2.0,32,12.0,0.024320272329140816,0.08503008007263349
Las Vegas Grand Prix,COL,HARD,2025_Las Vegas Grand Prix_COL_1.0,19,11.0,0.01923745319660263,0.07114987631860509
Las Vegas Grand Prix,COL,MEDIUM,2025_Las Vegas Grand Prix_COL_2.0,23,5.0,0.03617026598839449,0.14980049079922353
Las Vegas Grand Prix,GAS,HARD,2025_Las Vegas Grand Prix_GAS_2.0,45,19.0,0.018044029121559144,0.07700035494480933
Las Vegas Grand Prix,HAD,MEDIUM,2025_Las Vegas Grand Prix_HAD_1.0,14,11.0,0.022576066728039173,0.05938387347692138
Las Vegas Grand Prix,HAD,HARD,2025_Las Vegas Grand Prix_HAD_2.0,29,22.0,0.01890553124769279,0.07371216985397189
Las Vegas Grand Prix,HAM,HARD,2025_Las Vegas Grand Prix_HAM_1.0,22,11.0,0.01750334606285042,0.05628923496622551
Las Vegas Grand Prix,HAM,MEDIUM,2025_Las Vegas Grand Prix_HAM_2.0,20,5.0,0.03357471956004469,0.12276891405145718
Las Vegas Grand Prix,HUL,HARD,2025_Las Vegas Grand Prix_HUL_1.0,24,15.0,0.01609850512430008,0.05423440644037503
Las Vegas Grand Prix,HUL,MEDIUM,2025_Las Vegas Grand Prix_HUL_2.0,19,19.0,0.033684702049008364,0.16682558112973078
Las Vegas Grand Prix,LAW,HARD,2025_Las Vegas Grand Prix_LAW_2.0,22,19.0,0.01658041832992459,0.07054456769152943
Las Vegas Grand Prix,LAW,HARD,2025_Las Vegas Grand Prix_LAW_3.0,20,6.0,0.025381482302623326,0.08050632029611066
Las Vegas Grand Prix,LEC,MEDIUM,2025_Las Vegas Grand Prix_LEC_1.0,18,14.0,0.018202068648336348,0.0516279077040189
Las Vegas Grand Prix,LEC,HARD,2025_Las Vegas Grand Prix_LEC_2.0,25,14.0,0.03701875348294842,0.12266331618525106
Las Vegas Grand Prix,NOR,MEDIUM,2025_Las Vegas Grand Prix_NOR_1.0,16,14.0,0.014741677669646947,0.04296767664960755
Las Vegas Grand Prix,NOR,HARD,2025_Las Vegas Grand Prix_NOR_2.0,24,21.0,0.02744131328941038,0.13479855387106454
Las Vegas Grand Prix,OCO,MEDIUM,2025_Las Vegas Grand Prix_OCO_1.0,20,20.0,0.0162394291234786,0.04109939588950329
Las Vegas Grand Prix,OCO,HARD,2025_Las Vegas Grand Prix_OCO_2.0,22,22.0,0.031595894651830776,0.11479782105749992
Las Vegas Grand Prix,PIA,MEDIUM,2025_Las Vegas Grand Prix_PIA_1.0,15,11.0,0.021419068979505747,0.05332667557239894
Las Vegas Grand Prix,PIA,HARD,2025_Las Vegas Grand Prix_PIA_2.0,28,16.0,0.024066615233967806,0.0962863919478757
Las Vegas Grand Prix,RUS,MEDIUM,2025_Las Vegas Grand Prix_RUS_1.0,11,15.0,0.02011263000296115,0.06097372279112295
Las Vegas Grand Prix,RUS,HARD,2025_Las Vegas Grand Prix_RUS_2.0,32,12.0,0.023997644323234053,0.07069417200072517
Las Vegas Grand Prix,SAI,MEDIUM,2025_Las Vegas Grand Prix_SAI_1.0,16,15.0,0.024220261743321914,0.05455940040873894
Las Vegas Grand Prix,SAI,HARD,2025_Las Vegas Grand Prix_SAI_2.0,27,21.0,0.024828406184256427,0.09582415129153471
Las Vegas Grand Prix,TSU,HARD,2025_Las Vegas Grand Prix_TSU_2.0,21,18.0,0.0169206787356448,0.09021068529547618
Las Vegas Grand Prix,TSU,MEDIUM,2025_Las Vegas Grand Prix_TSU_3.0,22,13.0,0.040724018556217816,0.1295723890188918
Las Vegas Grand Prix,VER,MEDIUM,2025_Las Vegas Grand Prix_VER_1.0,19,14.0,0.01542104638743571,0.0406191869029515
Las Vegas Grand Prix,VER,HARD,2025_Las Vegas Grand Prix_VER_2.0,24,21.0,0.02531621377336385,0.08023188871936615
Mexico City Grand Prix,ALB,HARD,2025_Mexico City Grand Prix_ALB_1.0,36,5.0,0.04016993997179263,0.15621246571248548
Mexico City Grand Prix,ALB,SOFT,2025_Mexico City Grand Prix_ALB_2.0,25,6.0,0.06272121323839132,0.14850453328087587
Mexico City Grand Prix,ALO,SOFT,2025_Mexico City Grand Prix_ALO_1.0,16,7.0,0.048298164276974614,0.15317031509826445
Mexico City Grand Prix,ALO,MEDIUM,2025_Mexico City Grand Prix_ALO_2.0,12,,0.0726097662586989,0.1383461369302924
Mexico City Grand Prix,ANT,SOFT,2025_Mexico City Grand Prix_ANT_1.0,18,11.0,0.03816838075199919,0.09225243878295267
Mexico City Grand Prix,ANT,MEDIUM,2025_Mexico City Grand Prix_ANT_2.0,23,18.0,0.05236638217542312,0.11270321796485816
Mexico City Grand Prix,ANT,SOFT,2025_Mexico City Grand Prix_ANT_3.0,20,11.0,0.05425856279332023,0.12878022718646576
Mexico City Grand Prix,BEA,SOFT,2025_Mexico City Grand Prix_BEA_1.0,20,11.0,0.039413145624409326,0.09404843919282718
Mexico City Grand Prix,BEA,MEDIUM,2025_Mexico City Grand Prix_BEA_2.0,22,7.0,0.04652002260259787,0.10019390044476728
Mexico City Grand Prix,BEA,SOFT,2025_Mexico City Grand Prix_BEA_3.0,19,21.0,0.05778610467564477,0.089954331112855
Mexico City Grand Prix,BOR,MEDIUM,2025_Mexico City Grand Prix_BOR_1.0,33,7.0,0.04276662796554846,0.12917311199266768
Mexico City Grand Prix,BOR,SOFT,2025_Mexico City Grand Prix_BOR_2.0,31,10.0,0.05125056144929273,0.18500462570412413
Mexico City Grand Prix,COL,HARD,2025_Mexico City Grand Prix_COL_1.0,44,25.0,0.0446572855089766,0.15146200674045884
Mexico City Grand Prix,COL,SOFT,2025_Mexico City Grand Prix_COL_2.0,18,11.0,0.05666874334987024,0.0939117132210201
Mexico City Grand Prix,GAS,MEDIUM,2025_Mexico City Grand Prix_GAS_1.0,29,5.0,0.05463647299866236,0.223852106333369
Mexico City Grand Prix,GAS,SOFT,2025_Mexico City Grand Prix_GAS_2.0,32,12.0,0.045550839016029354,0.110438867212163
Mexico City Grand Prix,HAD,MEDIUM,2025_Mexico City Grand Prix_HAD_1.0,30,7.0,0.046982788124730425,0.11665770790348373
Mexico City Grand Prix,HAD,SOFT,2025_Mexico City Grand Prix_HAD_2.0,30,16.0,0.04545111778518993,0.11866151327311114
Mexico City Grand Prix,HAM,SOFT,2025_Mexico City Grand Prix_HAM_1.0,19,11.0,0.040050566636500674,0.09674022726675643
Mexico City Grand Prix,HAM,MEDIUM,2025_Mexico City Grand Prix_HAM_2.0,22,9.0,0.051228913755048074,0.11994731559352512
Mexico City Grand Prix,HAM,SOFT,2025_Mexico City Grand Prix_HAM_3.0,20,11.0,0.06359142347893794,0.12878473430700454
Mexico City Grand Prix,HUL,SOFT,2025_Mexico City Grand Prix_HUL_1.0,20,,0.0671538971585556,0.22323530739794994
Mexico City Grand Prix,LEC,SOFT,2025_Mexico City Grand Prix_LEC_1.0,27,10.0,0.052194783829937634,0.11364400283495951
Mexico City Grand Prix,LEC,MEDIUM,2025_Mexico City Grand Prix_LEC_2.0,36,6.0,0.034372247848898294,0.07524475413135556
Mexico City Grand Prix,NOR,SOFT,2025_Mexico City Grand Prix_NOR_1.0,31,10.0,0.044555816569844926,0.12403617719936144
Mexico City Grand Prix,NOR,MEDIUM,2025_Mexico City Grand Prix_NOR_2.0,34,12.0,0.04601817279495536,0.1051423873594195
Mexico City Grand Prix,OCO,SOFT,2025_Mexico City Grand Prix_OCO_1.0,23,10.0,0.05502954871319952,0.13652779865909404
Mexico City Grand Prix,OCO,MEDIUM,2025_Mexico City Grand Prix_OCO_2.0,40,5.0,0.0338148499443415,0.17211380899113188
Mexico City Grand Prix,PIA,SOFT,2025_Mexico City Grand Prix_PIA_1.0,20,11.0,0.03717090047076129,0.08827659705096083
Mexico City Grand Prix,PIA,MEDIUM,2025_Mexico City Grand Prix_PIA_2.0,21,7.0,0.04971247334282939,0.13641381755715287
Mexico City Grand Prix,PIA,SOFT,2025_Mexico City Grand Prix_PIA_3.0,20,11.0,0.05086789005877481,0.12457117085494662
Mexico City Grand Prix,RUS,SOFT,2025_Mexico City Grand Prix_RUS_1.0,21,12.0,0.053426824353770296,0.23351701952560067
Mexico City Grand Prix,RUS,MEDIUM,2025_Mexico City Grand Prix_RUS_2.0,21,,0.052342669521525546,0.09366731076449647
Mexico City Grand Prix,RUS,SOFT,2025_Mexico City Grand Prix_RUS_3.0,19,14.0,0.06824629470423678,0.1510666305497017
Mexico City Grand Prix,SAI,MEDIUM,2025_Mexico City Grand Prix_SAI_1.0,13,7.0,0.047101553082176555,0.14349977528684077
Mexico City Grand Prix,SAI,SOFT,2025_Mexico City Grand Prix_SAI_2.0,27,11.0,0.05322213209630369,0.1625610688167774
Mexico City Grand Prix,SAI,SOFT,2025_Mexico City Grand Prix_SAI_3.0,8,,0.09527796842565603,0.18119130605174572
Mexico City Grand Prix,SAI,SOFT,2025_Mexico City Grand Prix_SAI_4.0,10,22.0,0.0573124485363677,0.11711786545726977
Mexico City Grand Prix,STR,SOFT,2025_Mexico City Grand Prix_STR_1.0,22,5.0,0.05345341657105827,0.12782194019989834
Mexico City Grand Prix,STR,MEDIUM,2025_Mexico City Grand Prix_STR_2.0,15,,0.05961618965595175,0.10098273762144078
Mexico City Grand Prix,STR,SOFT,2025_Mexico City Grand Prix_STR_3.0,24,7.0,0.06684788636474438,0.22843754408967376
Mexico City Grand Prix,TSU,MEDIUM,2025_Mexico City Grand Prix_TSU_1.0,32,25.0,0.045463873347575776,0.1183696384279792
Mexico City Grand Prix,TSU,SOFT,2025_Mexico City Grand Prix_TSU_2.0,32,10.0,0.04581058751674321,0.14696093901478197
Mexico City Grand Prix,VER,MEDIUM,2025_Mexico City Grand Prix_VER_1.0,33,7.0,0.04173699429359878,0.11326910499119458
Mexico City Grand Prix,VER,SOFT,2025_Mexico City Grand Prix_VER_2.0,30,11.0,0.047626001207754294,0.09426637607878535
Monaco Grand Prix,ALB,MEDIUM,2025_Monaco Grand Prix_ALB_1.0,19,19.0,0.01593126959902224,0.07620002347653687
Monaco Grand Prix,ALB,HARD,2025_Monaco Grand Prix_ALB_3.0,28,7.0,0.02621801828823311,0.058620080909321165
Monaco Grand Prix,ALO,HARD,2025_Monaco Grand Prix_ALO_2.0,19,6.0,0.04602553352476718,0.19858353359616798
Monaco Grand Prix,ANT,HARD,2025_Monaco Grand Prix_ANT_1.0,58,15.0,0.03445734287263359,0.17669752400342867
Monaco Grand Prix,BEA,HARD,2025_Monaco Grand Prix_BEA_2.0,8,11.0,0.08296616240092043,0.19261339493880913
Monaco Grand Prix,BEA,MEDIUM,2025_Monaco Grand Prix_BEA_3.0,55,6.0,0.05251893778970143,0.23368318067640836
Monaco Grand Prix,BOR,HARD,2025_Monaco Grand Prix_BOR_2.0,16,14.0,0.062141475580737605,0.21502223056119552
Monaco Grand Prix,BOR,SOFT,2025_Monaco Grand Prix_BOR_3.0,7,5.0,0.3702109559823136,0.8928538328559191
Monaco Grand Prix,BOR,MEDIUM,2025_Monaco Grand Prix_BOR_4.0,36,6.0,0.06646566486499421,0.33517321869879646
Monaco Grand Prix,COL,MEDIUM,2025_Monaco Grand Prix_COL_2.0,11,,0.09322392267074546,0.2540653361612337
Monaco Grand Prix,COL,MEDIUM,2025_Monaco Grand Prix_COL_3.0,46,5.0,0.05314588844833402,0.35495254335349824
Monaco Grand Prix,HAD,HARD,2025_Monaco Grand Prix_HAD_3.0,55,6.0,0.05065308674669674,0.19568596353646073
Monaco Grand Prix,HAM,HARD,2025_Monaco Grand Prix_HAM_1.0,6,15.0,0.0,0.0
Monaco Grand Prix,HAM,HARD,2025_Monaco Grand Prix_HAM_2.0,34,10.0,0.061714746372749076,0.25104369333680254
Monaco Grand Prix,HAM,MEDIUM,2025_Monaco Grand Prix_HAM_3.0,21,11.0,0.044028461906384375,0.09847639018025517
Monaco Grand Prix,HUL,HARD,2025_Monaco Grand Prix_HUL_2.0,29,14.0,0.07860898886819478,0.19944032169387038
Monaco Grand Prix,HUL,SOFT,2025_Monaco Grand Prix_HUL_3.0,28,5.0,0.10364411320078686,0.8558826733612132
Monaco Grand Prix,LAW,MEDIUM,2025_Monaco Grand Prix_LAW_1.0,19,15.0,0.02719785518132553,0.09030018146387667
Monaco Grand Prix,LAW,HARD,2025_Monaco Grand Prix_LAW_3.0,35,15.0,0.04237279572834077,0.13318629201249377
Monaco Grand Prix,LEC,MEDIUM,2025_Monaco Grand Prix_LEC_1.0,10,19.0,0.013052388942881524,0.037284371040522624
Monaco Grand Prix,LEC,HARD,2025_Monaco Grand Prix_LEC_2.0,24,8.0,0.050217041719590925,0.18541267495611585
Monaco Grand Prix,LEC,MEDIUM,2025_Monaco Grand Prix_LEC_3.0,28,13.0,0.07494023349294994,0.2119819195066973
Monaco Grand Prix,NOR,MEDIUM,2025_Monaco Grand Prix_NOR_1.0,9,,0.014669214754491055,0.06427613640798399
Monaco Grand Prix,NOR,HARD,2025_Monaco Grand Prix_NOR_2.0,26,9.0,0.04653830573555949,0.1504630313376396
Monaco Grand Prix,NOR,HARD,2025_Monaco Grand Prix_NOR_3.0,27,18.0,0.05765649827665392,0.14301990749886495
Monaco Grand Prix,OCO,MEDIUM,2025_Monaco Grand Prix_OCO_2.0,10,,0.10819004530524134,0.25593983766489703
Monaco Grand Prix,OCO,HARD,2025_Monaco Grand Prix_OCO_3.0,47,6.0,0.051106808394839526,0.1856521716569728
Monaco Grand Prix,PIA,MEDIUM,2025_Monaco Grand Prix_PIA_1.0,8,18.0,0.0079402285906809,0.03997586481515142
Monaco Grand Prix,PIA,HARD,2025_Monaco Grand Prix_PIA_2.0,24,11.0,0.05212065073352057,0.15172480703288183
Monaco Grand Prix,PIA,HARD,2025_Monaco Grand Prix_PIA_3.0,29,6.0,0.061701337800129374,0.18577021555346457
Monaco Grand Prix,RUS,HARD,2025_Monaco Grand Prix_RUS_1.0,43,15.0,0.041570948253678866,0.21041616658803122
Monaco Grand Prix,RUS,MEDIUM,2025_Monaco Grand Prix_RUS_2.0,10,11.0,0.06357902375870707,0.13490301279016292
Monaco Grand Prix,RUS,HARD,2025_Monaco Grand Prix_RUS_3.0,7,7.0,0.06989013801381799,0.1502727417155253
Monaco Grand Prix,SAI,HARD,2025_Monaco Grand Prix_SAI_1.0,38,15.0,0.04055878567196814,0.22978759131768037
Monaco Grand Prix,SAI,MEDIUM,2025_Monaco Grand Prix_SAI_3.0,21,13.0,0.05752251965181664,0.24474319127306998
Monaco Grand Prix,STR,HARD,2025_Monaco Grand Prix_STR_1.0,8,,0.06407906583520152,0.2385936619689094
Monaco Grand Prix,STR,HARD,2025_Monaco Grand Prix_STR_2.0,43,12.0,0.06540807252504116,0.3356458417316268
Monaco Grand Prix,STR,MEDIUM,2025_Monaco Grand Prix_STR_3.0,11,6.0,0.09237673168960639,0.2111734426767562
Monaco Grand Prix,TSU,HARD,2025_Monaco Grand Prix_TSU_2.0,62,14.0,0.05040902305250629,0.27473677955973386
Monaco Grand Prix,VER,HARD,2025_Monaco Grand Prix_VER_1.0,15,21.0,0.01668611802732162,0.050221991790341314
Monaco Grand Prix,VER,MEDIUM,2025_Monaco Grand Prix_VER_2.0,46,22.0,0.04309155455695782,0.23826355388646148
Saudi Arabian Grand Prix,ALB,MEDIUM,2025_Saudi Arabian Grand Prix_ALB_1.0,18,10.0,0.04020700580061924,0.10159790102821903
Saudi Arabian Grand Prix,ALB,HARD,2025_Saudi Arabian Grand Prix_ALB_2.0,27,6.0,0.021376929280713147,0.054433561808096664
Saudi Arabian Grand Prix,ALO,MEDIUM,2025_Saudi Arabian Grand Prix_ALO_1.0,15,10.0,0.03402182091837584,0.08287844343120819
Saudi Arabian Grand Prix,ALO,HARD,2025_Saudi Arabian Grand Prix_ALO_2.0,30,6.0,0.022083698559072218,0.13371255916971087
Saudi Arabian Grand Prix,ANT,MEDIUM,2025_Saudi Arabian Grand Prix_ANT_1.0,15,10.0,0.044445639478734145,0.1075511102741678
Saudi Arabian Grand Prix,ANT,HARD,2025_Saudi Arabian Grand Prix_ANT_2.0,30,11.0,0.02184493753819702,0.06951165570920836
Saudi Arabian Grand Prix,BEA,MEDIUM,2025_Saudi Arabian Grand Prix_BEA_1.0,14,10.0,0.0393606652768926,0.07873212182468241
Saudi Arabian Grand Prix,BEA,HARD,2025_Saudi Arabian Grand Prix_BEA_2.0,31,6.0,0.02116102024010588,0.13731662694974384
Saudi Arabian Grand Prix,BOR,HARD,2025_Saudi Arabian Grand Prix_BOR_2.0,44,39.0,0.02617067044339221,0.13287473035216057
Saudi Arabian Grand Prix,DOO,HARD,2025_Saudi Arabian Grand Prix_DOO_2.0,28,9.0,0.03985486599493887,0.1291481425713784
Saudi Arabian Grand Prix,DOO,HARD,2025_Saudi Arabian Grand Prix_DOO_3.0,16,7.0,0.0977581125306196,0.5010766496127358
Saudi Arabian Grand Prix,HAD,HARD,2025_Saudi Arabian Grand Prix_HAD_1.0,30,10.0,0.025541318741186016,0.0769395547155527
Saudi Arabian Grand Prix,HAD,MEDIUM,2025_Saudi Arabian Grand Prix_HAD_2.0,15,6.0,0.04536839736417344,0.13382482908351787
Saudi Arabian Grand Prix,HAM,MEDIUM,2025_Saudi Arabian Grand Prix_HAM_1.0,19,10.0,0.03559166563657366,0.12301745528959185
Saudi Arabian Grand Prix,HAM,HARD,2025_Saudi Arabian Grand Prix_HAM_2.0,26,6.0,0.023620859024656247,0.0765466649142913
Saudi Arabian Grand Prix,HUL,HARD,2025_Saudi Arabian Grand Prix_HUL_1.0,29,10.0,0.021443335926531307,0.07733599432034953
Saudi Arabian Grand Prix,HUL,MEDIUM,2025_Saudi Arabian Grand Prix_HUL_2.0,14,7.0,0.04632094689626902,0.12430481202899715
Saudi Arabian Grand Prix,LAW,MEDIUM,2025_Saudi Arabian Grand Prix_LAW_1.0,16,8.0,0.03080973639202659,0.08292556512770191
Saudi Arabian Grand Prix,LAW,HARD,2025_Saudi Arabian Grand Prix_LAW_2.0,29,,0.020438742681132552,0.12661417951988108
Saudi Arabian Grand Prix,LEC,MEDIUM,2025_Saudi Arabian Grand Prix_LEC_1.0,25,10.0,0.024242808264326562,0.09966701668702543
Saudi Arabian Grand Prix,LEC,HARD,2025_Saudi Arabian Grand Prix_LEC_2.0,20,6.0,0.038169433346422775,0.06724275753599557
Saudi Arabian Grand Prix,NOR,HARD,2025_Saudi Arabian Grand Prix_NOR_1.0,30,10.0,0.013317751398523151,0.07581543234248647
Saudi Arabian Grand Prix,NOR,MEDIUM,2025_Saudi Arabian Grand Prix_NOR_2.0,15,10.0,0.04399135943178072,0.11398990243070117
Saudi Arabian Grand Prix,OCO,HARD,2025_Saudi Arabian Grand Prix_OCO_2.0,46,9.0,0.023888819465344605,0.07853558137583477
Saudi Arabian Grand Prix,PIA,MEDIUM,2025_Saudi Arabian Grand Prix_PIA_1.0,15,10.0,0.04467983143401203,0.11304611918939361
Saudi Arabian Grand Prix,PIA,HARD,2025_Saudi Arabian Grand Prix_PIA_2.0,30,6.0,0.02323621144112697,0.05577567903330011
Saudi Arabian Grand Prix,RUS,MEDIUM,2025_Saudi Arabian Grand Prix_RUS_1.0,16,9.0,0.044732512095945795,0.11513080201153941
Saudi Arabian Grand Prix,RUS,HARD,2025_Saudi Arabian Grand Prix_RUS_2.0,29,16.0,0.03055841289797532,0.1349933997836938
Saudi Arabian Grand Prix,SAI,MEDIUM,2025_Saudi Arabian Grand Prix_SAI_1.0,17,9.0,0.040663475556279055,0.10014790564872664
Saudi Arabian Grand Prix,SAI,HARD,2025_Saudi Arabian Grand Prix_SAI_2.0,28,5.0,0.020528150240271294,0.07136628588065902
Saudi Arabian Grand Prix,STR,HARD,2025_Saudi Arabian Grand Prix_STR_1.0,35,10.0,0.01424650608981005,0.080190047824095
Saudi Arabian Grand Prix,STR,MEDIUM,2025_Saudi Arabian Grand Prix_STR_2.0,9,6.0,0.053855552013432006,0.1812544221673063
Saudi Arabian Grand Prix,VER,MEDIUM,2025_Saudi Arabian Grand Prix_VER_1.0,17,9.0,0.04040418531640167,0.1061297208544423
Saudi Arabian Grand Prix,VER,HARD,2025_Saudi Arabian Grand Prix_VER_2.0,28,11.0,0.020039756492547574,0.05196880216415467
Singapore Grand Prix,ALB,MEDIUM,2025_Singapore Grand Prix_ALB_1.0,39,6.0,0.042413041171511616,0.18863215174229186
Singapore Grand Prix,ALB,SOFT,2025_Singapore Grand Prix_ALB_2.0,16,12.0,0.07807570158919849,0.25115266715136875
Singapore Grand Prix,ALO,SOFT,2025_Singapore Grand Prix_ALO_1.0,24,11.0,0.029721912110976984,0.0939342280368641
Singapore Grand Prix,ALO,MEDIUM,2025_Singapore Grand Prix_ALO_2.0,32,9.0,0.026749733089834117,0.07239641397036056
Singapore Grand Prix,ANT,MEDIUM,2025_Singapore Grand Prix_ANT_1.0,21,11.0,0.03644026334420628,0.13500824806654735
Singapore Grand Prix,ANT,HARD,2025_Singapore Grand Prix_ANT_2.0,34,6.0,0.06347003499162272,0.15353187638242594
Singapore Grand Prix,BEA,MEDIUM,2025_Singapore Grand Prix_BEA_1.0,20,11.0,0.041240527487456664,0.14226458849375406
Singapore Grand Prix,BEA,HARD,2025_Singapore Grand Prix_BEA_2.0,35,23.0,0.05462547678407012,0.15357174773436766
Singapore Grand Prix,BOR,MEDIUM,2025_Singapore Grand Prix_BOR_1.0,10,11.0,0.03808165589025412,0.1290116546390398
Singapore Grand Prix,BOR,HARD,2025_Singapore Grand Prix_BOR_2.0,44,12.0,0.06764069991597835,0.1753239407080165
Singapore Grand Prix,COL,SOFT,2025_Singapore Grand Prix_COL_1.0,11,11.0,0.053031990409178616,0.16460591678670267
Singapore Grand Prix,COL,MEDIUM,2025_Singapore Grand Prix_COL_2.0,42,6.0,0.07451076104658157,0.21478054304339367
Singapore Grand Prix,GAS,MEDIUM,2025_Singapore Grand Prix_GAS_1.0,21,12.0,0.03739841159933096,0.13292722213798555
Singapore Grand Prix,GAS,HARD,2025_Singapore Grand Prix_GAS_2.0,22,21.0,0.08267475295842151,0.17302444853651355
Singapore Grand Prix,GAS,SOFT,2025_Singapore Grand Prix_GAS_3.0,8,5.0,0.09908247529063567,0.2508146687678582
Singapore Grand Prix,HAD,SOFT,2025_Singapore Grand Prix_HAD_1.0,17,11.0,0.03920227312664253,0.1080692645952459
Singapore Grand Prix,HAD,HARD,2025_Singapore Grand Prix_HAD_2.0,35,21.0,0.05260304961996903,0.2177691676407726
Singapore Grand Prix,HAM,MEDIUM,2025_Singapore Grand Prix_HAM_1.0,21,11.0,0.04249201086299533,0.16425435137012445
Singapore Grand Prix,HAM,HARD,2025_Singapore Grand Prix_HAM_2.0,19,11.0,0.05711194241497708,0.12522096301515406
Singapore Grand Prix,HAM,SOFT,2025_Singapore Grand Prix_HAM_3.0,11,11.0,0.09019329673805672,0.22320754058937575
Singapore Grand Prix,HUL,MEDIUM,2025_Singapore Grand Prix_HUL_1.0,22,11.0,0.04188018223959036,0.14511960100244847
Singapore Grand Prix,HUL,HARD,2025_Singapore Grand Prix_HUL_2.0,16,11.0,0.05889416362428163,0.12395548931732292
Singapore Grand Prix,HUL,SOFT,2025_Singapore Grand Prix_HUL_3.0,13,11.0,0.06579801386830961,0.22954138835356708
Singapore Grand Prix,LAW,MEDIUM,2025_Singapore Grand Prix_LAW_1.0,43,11.0,0.05142103281149949,0.20641127129147274
Singapore Grand Prix,LAW,SOFT,2025_Singapore Grand Prix_LAW_2.0,11,6.0,0.06527566104273635,0.15012308728398294
Singapore Grand Prix,LEC,MEDIUM,2025_Singapore Grand Prix_LEC_1.0,18,11.0,0.04012166767893563,0.12767945134683434
Singapore Grand Prix,LEC,HARD,2025_Singapore Grand Prix_LEC_2.0,35,21.0,0.06272954279982484,0.2224877832937735
Singapore Grand Prix,NOR,MEDIUM,2025_Singapore Grand Prix_NOR_1.0,23,11.0,0.03365895732943346,0.09417062088323513
Singapore Grand Prix,NOR,HARD,2025_Singapore Grand Prix_NOR_2.0,34,11.0,0.060122825790714186,0.22218161874735443
Singapore Grand Prix,OCO,MEDIUM,2025_Singapore Grand Prix_OCO_1.0,27,11.0,0.03433179206377879,0.12773581315482777
Singapore Grand Prix,OCO,HARD,2025_Singapore Grand Prix_OCO_2.0,28,11.0,0.0803997320429184,0.2457293359822159
Singapore Grand Prix,PIA,MEDIUM,2025_Singapore Grand Prix_PIA_1.0,24,11.0,0.036607268635272174,0.11758328324846665
Singapore Grand Prix,PIA,HARD,2025_Singapore Grand Prix_PIA_2.0,33,12.0,0.05869165619263854,0.1927999681450353
Singapore Grand Prix,RUS,MEDIUM,2025_Singapore Grand Prix_RUS_1.0,22,11.0,0.039091553286825766,0.14628619431744427
Singapore Grand Prix,RUS,HARD,2025_Singapore Grand Prix_RUS_2.0,35,11.0,0.05790420108026214,0.16791694249813327
Singapore Grand Prix,SAI,MEDIUM,2025_Singapore Grand Prix_SAI_1.0,44,11.0,0.04530882331682026,0.16768999613128355
Singapore Grand Prix,SAI,SOFT,2025_Singapore Grand Prix_SAI_2.0,10,6.0,0.04845129556948704,0.16249761667981333
Singapore Grand Prix,STR,SOFT,2025_Singapore Grand Prix_STR_1.0,35,11.0,0.04701308110489466,0.17310692278460993
Singapore Grand Prix,STR,MEDIUM,2025_Singapore Grand Prix_STR_2.0,21,24.0,0.06651030117081813,0.32056133980349144
Singapore Grand Prix,TSU,SOFT,2025_Singapore Grand Prix_TSU_1.0,10,11.0,0.03826338489380423,0.1363847931685016
Singapore Grand Prix,TSU,HARD,2025_Singapore Grand Prix_TSU_2.0,45,7.0,0.06541693205880168,0.18163430225550026
Singapore Grand Prix,VER,SOFT,2025_Singapore Grand Prix_VER_1.0,16,11.0,0.034822256820081623,0.10323804328606899
Singapore Grand Prix,VER,HARD,2025_Singapore Grand Prix_VER_2.0,41,16.0,0.04694874901264485,0.20357804769995014
Spanish Grand Prix,ALB,SOFT,2025_Spanish Grand Prix_ALB_2.0,17,6.0,0.07650723616253449,0.13983026412021693
Spanish Grand Prix,ALO,SOFT,2025_Spanish Grand Prix_ALO_1.0,12,9.0,0.06724661202788665,0.1330245397968952
Spanish Grand Prix,ALO,MEDIUM,2025_Spanish Grand Prix_ALO_2.0,25,7.0,0.05782277249320155,0.18169664056319057
Spanish Grand Prix,ALO,SOFT,2025_Spanish Grand Prix_ALO_3.0,10,,0.08497688442015869,0.15530868259426567
Spanish Grand Prix,ALO,SOFT,2025_Spanish Grand Prix_ALO_4.0,6,13.0,0.04318148007083719,0.15324785750832343
Spanish Grand Prix,ANT,SOFT,2025_Spanish Grand Prix_ANT_1.0,19,11.0,0.06086827368780427,0.16000292317576947
Spanish Grand Prix,ANT,MEDIUM,2025_Spanish Grand Prix_ANT_2.0,26,9.0,0.03929539129435303,0.13918125786292135
Spanish Grand Prix,BEA,SOFT,2025_Spanish Grand Prix_BEA_1.0,6,6.0,0.03357435766278835,0.10457887781387615
Spanish Grand Prix,BEA,MEDIUM,2025_Spanish Grand Prix_BEA_2.0,25,,0.06047808245031924,0.19435507057190154
Spanish Grand Prix,BEA,MEDIUM,2025_Spanish Grand Prix_BEA_3.0,15,12.0,0.05065376851179315,0.1355964754058992
Spanish Grand Prix,BEA,SOFT,2025_Spanish Grand Prix_BEA_4.0,6,17.0,0.02132331125396819,0.0755839918962673
Spanish Grand Prix,BOR,SOFT,2025_Spanish Grand Prix_BOR_1.0,17,10.0,0.0506300972906175,0.148379144216638
Spanish Grand Prix,BOR,MEDIUM,2025_Spanish Grand Prix_BOR_2.0,27,11.0,0.0447474757684022,0.1495250613692789
Spanish Grand Prix,BOR,SOFT,2025_Spanish Grand Prix_BOR_3.0,9,,0.04888275375939522,0.11108974561056317
Spanish Grand Prix,COL,SOFT,2025_Spanish Grand Prix_COL_1.0,12,11.0,0.08355686790244189,0.2454192813426106
Spanish Grand Prix,COL,MEDIUM,2025_Spanish Grand Prix_COL_2.0,22,,0.0679215591049631,0.19325553930914918
Spanish Grand Prix,COL,SOFT,2025_Spanish Grand Prix_COL_3.0,12,,0.0663794822113563,0.19789146295417304
Spanish Grand Prix,COL,SOFT,2025_Spanish Grand Prix_COL_4.0,6,12.0,0.1004068797533414,0.2714183787224502
Spanish Grand Prix,GAS,SOFT,2025_Spanish Grand Prix_GAS_1.0,8,10.0,0.05113641234839142,0.11779494470900784
Spanish Grand Prix,GAS,SOFT,2025_Spanish Grand Prix_GAS_2.0,19,,0.05943782048628281,0.13754938053745835
Spanish Grand Prix,GAS,MEDIUM,2025_Spanish Grand Prix_GAS_3.0,21,19.0,0.052581342348031815,0.1564090410488015
Spanish Grand Prix,GAS,SOFT,2025_Spanish Grand Prix_GAS_4.0,6,12.0,0.09787695229513786,0.19991312140034945
Spanish Grand Prix,HAD,SOFT,2025_Spanish Grand Prix_HAD_1.0,17,11.0,0.04625603883755684,0.1246999404817315
Spanish Grand Prix,HAD,MEDIUM,2025_Spanish Grand Prix_HAD_2.0,27,11.0,0.043003075724315616,0.12141600875858671
Spanish Grand Prix,HAD,SOFT,2025_Spanish Grand Prix_HAD_4.0,6,12.0,0.1044879008976225,0.21341320585584822
Spanish Grand Prix,HAM,SOFT,2025_Spanish Grand Prix_HAM_1.0,14,10.0,0.05336442593434685,0.16528457552166298
Spanish Grand Prix,HAM,MEDIUM,2025_Spanish Grand Prix_HAM_2.0,28,11.0,0.04540051932151125,0.11006440122220035
Spanish Grand Prix,HAM,SOFT,2025_Spanish Grand Prix_HAM_3.0,7,,0.0831581575117328,0.12413660129575887
Spanish Grand Prix,HAM,SOFT,2025_Spanish Grand Prix_HAM_4.0,6,12.0,0.10804209728145164,0.22066035048580346
Spanish Grand Prix,HUL,SOFT,2025_Spanish Grand Prix_HUL_1.0,7,7.0,0.049585826628194205,0.12751260306797318
Spanish Grand Prix,HUL,MEDIUM,2025_Spanish Grand Prix_HUL_2.0,34,12.0,0.04968595123012823,0.18806888343318645
Spanish Grand Prix,HUL,SOFT,2025_Spanish Grand Prix_HUL_3.0,7,7.0,0.06268155065714857,0.13278245636258457
Spanish Grand Prix,HUL,SOFT,2025_Spanish Grand Prix_HUL_4.0,6,9.0,0.04131455870157232,0.10658218670493558
Spanish Grand Prix,LAW,SOFT,2025_Spanish Grand Prix_LAW_1.0,16,7.0,0.0574468913591966,0.18184941875290428
Spanish Grand Prix,LAW,MEDIUM,2025_Spanish Grand Prix_LAW_2.0,24,11.0,0.04483283934781218,0.1878775587780802
Spanish Grand Prix,LAW,SOFT,2025_Spanish Grand Prix_LAW_3.0,13,8.0,0.07632275904601651,0.18643404119666007
Spanish Grand Prix,LEC,SOFT,2025_Spanish Grand Prix_LEC_1.0,15,7.0,0.054729079029049554,0.14176757946633037
Spanish Grand Prix,LEC,MEDIUM,2025_Spanish Grand Prix_LEC_2.0,21,12.0,0.04495767558001139,0.07365141451262502
Spanish Grand Prix,LEC,MEDIUM,2025_Spanish Grand Prix_LEC_3.0,13,8.0,0.053288457902960135,0.0914314483443287
Spanish Grand Prix,LEC,SOFT,2025_Spanish Grand Prix_LEC_4.0,6,12.0,0.10661646114461394,0.21181265978488056
Spanish Grand Prix,NOR,SOFT,2025_Spanish Grand Prix_NOR_1.0,19,11.0,0.05441506521923543,0.15221549786726762
Spanish Grand Prix,NOR,MEDIUM,2025_Spanish Grand Prix_NOR_2.0,25,9.0,0.03806396118933959,0.11123074232626784
Spanish Grand Prix,NOR,SOFT,2025_Spanish Grand Prix_NOR_4.0,6,12.0,0.08346967500546665,0.22412201730353737
Spanish Grand Prix,OCO,SOFT,2025_Spanish Grand Prix_OCO_1.0,18,11.0,0.07440375675309331,0.30964785829104047
Spanish Grand Prix,OCO,MEDIUM,2025_Spanish Grand Prix_OCO_2.0,21,10.0,0.06387117023321791,0.15733121047583498
Spanish Grand Prix,OCO,MEDIUM,2025_Spanish Grand Prix_OCO_3.0,14,7.0,0.06339109498866705,0.12182647003473213
Spanish Grand Prix,PIA,SOFT,2025_Spanish Grand Prix_PIA_1.0,21,7.0,0.055294385240139625,0.14171258230125128
Spanish Grand Prix,PIA,MEDIUM,2025_Spanish Grand Prix_PIA_2.0,25,9.0,0.03611506567474985,0.10228464401349846
Spanish Grand Prix,PIA,SOFT,2025_Spanish Grand Prix_PIA_4.0,6,12.0,0.09425534811510185,0.24131172897339853
Spanish Grand Prix,RUS,SOFT,2025_Spanish Grand Prix_RUS_1.0,18,11.0,0.0690825106314095,0.29687880033197356
Spanish Grand Prix,RUS,MEDIUM,2025_Spanish Grand Prix_RUS_2.0,19,11.0,0.06666638157426752,0.1575750397294244
Spanish Grand Prix,RUS,SOFT,2025_Spanish Grand Prix_RUS_3.0,12,8.0,0.07267332193548455,0.1653088478863287
Spanish Grand Prix,RUS,SOFT,2025_Spanish Grand Prix_RUS_4.0,6,12.0,0.11070624800108908,0.20215436023420008
Spanish Grand Prix,SAI,SOFT,2025_Spanish Grand Prix_SAI_1.0,7,7.0,0.07023767333083354,0.22090328025026895
Spanish Grand Prix,SAI,SOFT,2025_Spanish Grand Prix_SAI_2.0,23,8.0,0.058291856044212914,0.16538114527959963
Spanish Grand Prix,SAI,MEDIUM,2025_Spanish Grand Prix_SAI_3.0,18,8.0,0.033626875696215024,0.09318167713434944
Spanish Grand Prix,SAI,SOFT,2025_Spanish Grand Prix_SAI_4.0,6,10.0,0.054246955356880344,0.1839734383463435
Spanish Grand Prix,TSU,MEDIUM,2025_Spanish Grand Prix_TSU_1.0,6,6.0,0.03619964821695838,0.11169867401867214
Spanish Grand Prix,TSU,SOFT,2025_Spanish Grand Prix_TSU_2.0,14,,0.0980986811066527,0.2052548215812181
Spanish Grand Prix,TSU,SOFT,2025_Spanish Grand Prix_TSU_3.0,18,9.0,0.07040053693990707,0.14407441001055998
Spanish Grand Prix,TSU,SOFT,2025_Spanish Grand Prix_TSU_4.0,8,,0.08522342310333073,0.14604683821682551
Spanish Grand Prix,TSU,SOFT,2025_Spanish Grand Prix_TSU_5.0,6,15.0,0.07730618972937058,0.1711403724015646
Spanish Grand Prix,VER,SOFT,2025_Spanish Grand Prix_VER_1.0,11,10.0,0.05334419189696964,0.1672021358035658
Spanish Grand Prix,VER,SOFT,2025_Spanish Grand Prix_VER_2.0,14,11.0,0.07641720830585852,0.16019782541383282
Spanish Grand Prix,VER,MEDIUM,2025_Spanish Grand Prix_VER_3.0,16,12.0,0.0729865699876514,0.13869042896125205
Spanish Grand Prix,VER,SOFT,2025_Spanish Grand Prix_VER_4.0,6,,0.09525627496498086,0.15125452447076665
Spanish Grand Prix,VER,HARD,2025_Spanish Grand Prix_VER_5.0,6,11.0,0.05783031859568747,0.10765546690363537
